# File exported by ZBrush version 2025
# www.zbrush.com
#Vertex Count 4928
#Face Count 4924
#Auto scale x=1.000000 y=1.000000 z=1.000000
#Auto offset x=0.000000 y=0.000000 z=0.000000
v -0.57185441 0.01357302 0.78256863
v -0.61789286 -0.61100268 0.87266796
v -0.44442108 -0.20444679 0.86093407
v -0.28595164 0.40897688 0.85602861
v -1.65086066 -2.16074085 1.07719636
v -1.51992058 -2.30774498 0.94609451
v -1.09293448 -0.27731907 -0.53073328
v -0.73885858 -0.33825212 -1.03873288
v -1.57318019 -2.10647487 -1.23429977
v -1.62130105 -2.13746643 0.91354221
v -0.14745463 -0.50691193 1.00739216
v -1.63596332 -2.20930218 -1.35830211
v -1.48426449 -2.2229793 -1.45237886
v -0.46032103 -0.93728327 -0.6654461
v -1.51533925 -2.30911469 -1.3272202
v -1.65398931 -2.25031852 1.07644081
v -0.07592653 -0.03813346 0.86063742
v -0.13683947 0.24760931 0.88136529
v -0.54752695 -0.28073793 0.88930505
v -0.11583184 0.73870164 0.22388187
v -0.63578116 1.13188242 -0.29887953
v -0.66925698 0.20327508 0.67740833
v -0.06836879 0.55845189 0.26412558
v -0.02389633 -0.28270447 0.83600485
v -0.48489996 -0.92106568 0.31091237
v -1.08473134 -0.31913027 0.47237545
v -0.64114034 0.0138988 0.76465654
v -0.64517134 -0.07453209 0.79231524
v -0.55953484 -0.05769521 0.81376856
v -0.49241533 -0.04268327 0.79410874
v -0.53472095 0.04286481 0.76410281
v -0.61856353 0.07579467 0.74402743
v -0.59010052 -0.50292766 0.8868649
v -0.68263149 -0.46690237 0.86948281
v -0.72232574 -0.54137629 0.88331514
v -0.515491 -0.61366343 0.86841136
v -0.51680022 -0.52360564 0.90200609
v -0.58157688 -0.71977764 0.82881826
v -0.50393736 -0.70117121 0.8138265
v -0.70866745 -0.68481808 0.89930468
v -0.6612131 -0.76810681 0.85958159
v -0.78674584 -0.61313903 0.90878284
v -0.4002918 -0.22264213 0.85870093
v -0.39465025 -0.13558396 0.7938053
v -0.43621513 -0.13272588 0.81315112
v -0.48605492 -0.13843697 0.84150862
v -0.48060905 -0.23651969 0.88514977
v -0.43060979 -0.27856934 0.89865565
v -0.2519344 0.30740317 0.88574481
v -0.14094086 0.33184579 0.8860737
v -0.14492717 0.39985927 0.87347996
v -0.1196469 0.46662256 0.82882118
v -0.22413554 0.49391868 0.81492823
v -0.38678571 0.53141117 0.80734998
v -0.48110809 0.51483762 0.79636216
v -0.40415141 0.39194718 0.83482796
v -0.3451195 0.29401111 0.86365866
v -1.61640465 -2.14013123 1.08961653
v -1.62162113 -2.12411618 1.05827486
v -1.662418 -2.15831232 1.05249679
v -1.67234802 -2.18749475 1.05629062
v -1.65277004 -2.18225479 1.08694517
v -1.60976195 -2.16548609 1.11391866
v -1.54543817 -2.30690312 0.92124259
v -1.46661913 -2.30511641 0.88181722
v -1.45558857 -2.30715966 0.92517322
v -1.44482612 -2.30752897 0.97110295
v -1.52639687 -2.30781173 0.98018962
v -1.57666432 -2.30785799 0.96538001
v -1.06764578 -0.35403588 -0.62418526
v -1.07962 -0.45388484 -0.5600726
v -1.09758985 -0.41197973 -0.47336843
v -1.12587499 -0.2867684 -0.39893999
v -1.11844277 -0.1956063 -0.39745447
v -1.08064806 -0.16780482 -0.51108551
v -1.11487805 -0.40215322 -0.37990772
v -1.02542316 -0.20713073 -0.66712373
v -1.01591432 -0.2900716 -0.72210657
v -1.01560068 -0.12679569 -0.63102114
v -0.79563504 -0.43513217 -1.06890428
v -0.88429409 -0.40859103 -0.99320066
v -0.85511547 -0.32500898 -0.94826328
v -0.84885293 -0.23857229 -0.90996033
v -0.75068992 -0.22977952 -0.985246
v -0.64671999 -0.4401811 -1.12898588
v -0.71288943 -0.50107491 -1.14718627
v -0.62053501 -0.29428139 -1.09005868
v -0.5629571 -0.39032638 -1.14365744
v -0.64123773 -0.20470812 -1.0442574
v -1.57252705 -2.0937798 -1.26890277
v -1.60666692 -2.12404322 -1.27847516
v -1.59350109 -2.1308422 -1.22875165
v -1.5331254 -2.09218502 -1.19643461
v -1.51625561 -2.06914663 -1.23318231
v -1.54538738 -2.12058115 -1.16713023
v -1.58545649 -2.11752963 0.89006185
v -1.58774507 -2.15242457 0.86130285
v -1.63342177 -2.16499233 0.9055534
v -1.65375542 -2.16367054 0.94518381
v -1.62715053 -2.13112258 0.94492298
v -1.58190453 -2.09514665 0.93171525
v -0.11467625 -0.47494226 1.00479519
v -0.16937671 -0.36026415 1.03576326
v -0.20755702 -0.37056636 1.03281664
v -0.24120415 -0.48143386 1.00759112
v -0.22895951 -0.5869959 0.98712331
v -0.13117501 -0.61693465 0.98243111
v -0.26193153 -0.36229533 1.01060092
v 0 -0.56612199 0.99521517
v 0 -0.55171126 0.99433863
v 0 -0.6500439 0.97263163
v -1.6274383 -2.22875094 -1.37298691
v -1.63392281 -2.24930048 -1.33058202
v -1.64089548 -2.21706819 -1.32518053
v -1.63809955 -2.1828947 -1.32610106
v -1.62835264 -2.18427634 -1.36710894
v -1.61511683 -2.19941091 -1.39493084
v -1.43069541 -2.21786451 -1.44474506
v -1.42734611 -2.25565552 -1.4321661
v -1.49755263 -2.25120234 -1.44643831
v -1.50700259 -2.20182752 -1.45423805
v -1.44301962 -2.17840313 -1.44743394
v -1.53399622 -2.23322081 -1.445688
v -0.40260136 -0.90649098 -0.79754823
v -0.3262656 -0.88026356 -0.77258974
v -0.35180965 -0.91310352 -0.6597585
v -0.53561735 -0.95494025 -0.74107182
v -0.47430518 -0.93414986 -0.83905768
v -0.36094242 -0.93214368 -0.54436409
v -0.45544219 -0.9433999 -0.53114992
v -0.56351721 -0.94251018 -0.48882764
v -0.58324903 -0.94954806 -0.58412587
v -0.62552046 -0.96045142 -0.65934759
v -1.54322934 -2.30821323 -1.31680929
v -1.55643975 -2.30584216 -1.36022377
v -1.51589453 -2.30779218 -1.35900151
v -1.45459437 -2.31046915 -1.33590555
v -1.47430372 -2.31061601 -1.29695057
v -1.50102245 -2.30953311 -1.26211142
v -1.63142204 -2.25608825 1.09563374
v -1.6361376 -2.22801685 1.10137903
v -1.66351699 -2.2312262 1.0723747
v -1.67542755 -2.24518752 1.03933548
v -1.65915334 -2.26629638 1.05236232
v -1.63035976 -2.28477692 1.07035195
v -0.0768418 -0.08191894 0.87988507
v -0.0607226 -0.09215132 0.83619993
v -0.06283608 -0.0260958 0.82134759
v -0.08971505 0.00008757 0.88621759
v -0.09522853 -0.06253391 0.92414921
v -0.07770703 0.05080461 0.83656215
v 0 0.29534298 0.86474317
v 0 0.35167551 0.89250016
v -0.242444 0.23881661 0.89944052
v -0.09057669 0.20906262 0.85352951
v 0 0.26327469 0.8426637
v -0.18481148 0.15248885 0.92305797
v -0.13413436 0.1385632 0.90128964
v -0.25588193 0.14740386 0.92543661
v -0.64287293 -0.27418029 0.84823268
v -0.65320587 -0.37568444 0.86226499
v -0.56987738 -0.39788028 0.89546626
v -0.50348889 -0.42360755 0.91765111
v -0.47102952 -0.33384239 0.91543072
v -0.5592271 -0.15695413 0.8502767
v -0.64536637 -0.1707319 0.821787
v -0.11877229 0.70934593 0.21866802
v -0.0884589 0.69864475 0.1822686
v -0.09228535 0.74846869 0.20399899
v -0.14133484 0.79120338 0.28423386
v -0.16199411 0.7613179 0.2949014
v -0.11308479 0.81962049 0.27526682
v -0.65977495 1.13323772 -0.24342148
v -0.57945847 1.21373927 -0.26549136
v -0.58537948 1.15914857 -0.34872129
v -0.67305839 1.05244231 -0.36102953
v -0.72061932 1.03013491 -0.30419611
v -0.69163024 0.12340715 0.69303309
v -0.58822113 0.10866652 0.73432618
v -0.54806977 0.14067858 0.73080158
v -0.77614319 0.24281474 0.58803027
v -0.78295588 0.14321771 0.61828917
v -0.49236071 0.16792899 0.74786317
v -0.58620041 0.239214 0.71904581
v -0.04754179 0.5512802 0.25758633
v -0.04865831 0.56555503 0.23035116
v -0.07542327 0.5709877 0.24390888
v -0.08899393 0.5531758 0.31029513
v -0.06223778 0.5393508 0.319536
v -0.11062658 0.57222771 0.29739224
v 0 -0.29155659 0.81373763
v 0 -0.25115189 0.79902976
v -0.03118343 -0.24688018 0.82944834
v -0.03220713 -0.30813977 0.86777097
v 0 -0.33600133 0.84588939
v -0.05322827 -0.25793317 0.87605255
v -0.46536347 -0.92917388 0.19013746
v -0.36843434 -0.93906194 0.20328377
v -0.3666493 -0.92909485 0.31288346
v -0.59728145 -0.91189986 0.24419455
v -0.57036382 -0.91376 0.15901409
v -0.57501441 -0.92912262 0.38878488
v -0.65161848 -0.92486798 0.32135912
v -0.4412432 -0.90746706 0.44209656
v -0.52608341 -0.91734069 0.4820005
v -0.35251513 -0.91232591 0.43131476
v -1.13817977 -0.39655751 0.37710082
v -1.11767804 -0.45857185 0.45183709
v -1.06345462 -0.40791073 0.546072
v -1.14200449 -0.27231925 0.3357526
v -1.16815972 -0.34933006 0.28303936
v -1.05565273 -0.22303783 0.48483917
v -1.11616945 -0.19573292 0.36308282
v -0.97900837 -0.38893923 0.66066813
v -0.97120076 -0.31275463 0.62614959
v -0.95651614 -0.23457565 0.60947996
v -0.86295092 -0.32408654 0.7338643
v -0.84908503 -0.24881023 0.7108134
v -0.83979046 -0.16842505 0.69062483
v -0.9409995 -0.15482302 0.59534198
v -1.02938652 -0.13725729 0.48601627
v -0.92057305 -0.07377748 0.58021229
v -0.99924838 -0.05416017 0.4787403
v -1.0525012 -0.03234345 0.37158271
v -1.08676624 -0.11498094 0.37289044
v -1.07860696 -0.00805938 0.25855234
v -1.11516809 -0.08561384 0.25470954
v -1.14603078 -0.16053445 0.2406736
v -1.12346708 -0.05429022 0.1333308
v -1.15472269 -0.12650154 0.11708759
v -1.17698979 -0.19996659 0.09351147
v -1.1703577 -0.23375602 0.21467278
v -1.19245243 -0.27730965 0.06431747
v -1.18789053 -0.31019622 0.17715776
v -1.19423449 -0.36143282 0.0318003
v -1.19155085 -0.39389917 0.13298301
v -1.17777752 -0.43250447 0.22574628
v -1.15845108 -0.47579103 0.30652999
v -1.17572903 -0.48251685 0.08953876
v -1.16768419 -0.5169273 0.17372262
v -1.15513837 -0.55664062 0.24875453
v -1.15157496 -0.59993946 0.31678775
v -1.14724135 -0.52566766 0.37756285
v -1.13470339 -0.60261142 0.12689137
v -1.12884438 -0.63687384 0.19849626
v -1.13143098 -0.67482507 0.26577866
v -1.14484059 -0.7172079 0.32804718
v -1.16151058 -0.64646732 0.37920033
v -1.07568669 -0.71191638 0.16438117
v -1.08303117 -0.74410575 0.23152624
v -1.10038316 -0.78305453 0.29340294
v -1.12513411 -0.82773524 0.35049319
v -1.16653382 -0.76328867 0.38589623
v -1.01158523 -0.80277007 0.21694053
v -1.03365778 -0.83883124 0.27826577
v -1.06252932 -0.88266831 0.33435791
v -1.09555244 -0.93151485 0.38727012
v -1.15501678 -0.8758074 0.40398055
v -0.95418673 -0.88347679 0.28138175
v -0.98798328 -0.9267891 0.33704605
v -1.02556717 -0.97708535 0.38860982
v -1.0669918 -1.02732014 0.44018307
v -1.13383376 -0.98038667 0.43835493
v -0.9092133 -0.96083915 0.35747218
v -0.95113146 -1.01221156 0.40850397
v -0.99928671 -1.06381809 0.4612177
v -1.0542413 -1.11000526 0.51511567
v -1.11547303 -1.07276725 0.49452856
v -0.88116294 -1.03845155 0.44459691
v -0.93516355 -1.09120321 0.49783527
v -0.99402129 -1.13708221 0.55181193
v -1.05385828 -1.17505991 0.60544908
v -1.11145305 -1.14920413 0.57045477
v -0.8763948 -1.10666716 0.54751622
v -0.93830376 -1.15177798 0.60122448
v -0.99960857 -1.18883752 0.65363729
v -1.05086541 -1.21389567 0.70048779
v -1.10363137 -1.2045139 0.65658795
v -0.88920843 -1.15082109 0.66095554
v -0.95162302 -1.18675684 0.71127921
v -1.00432324 -1.21009707 0.75263685
v -1.03281986 -1.22216129 0.77457612
v -1.07753133 -1.22818815 0.72624862
v -0.91268181 -1.16957068 0.77453899
v -0.96881526 -1.19427442 0.8113445
v -1.00095439 -1.20856297 0.83139312
v -1.01784694 -1.22202754 0.84332454
v -1.04928124 -1.23281621 0.78875434
v -0.94754838 -1.16496121 0.8732894
v -0.98614829 -1.18513846 0.8927316
v -1.00561976 -1.20316433 0.90477067
v -1.01334631 -1.22302162 0.91375923
v -1.02668094 -1.24029028 0.85301506
v -0.98691856 -1.15072107 0.95198208
v -1.01035738 -1.17651605 0.96560049
v -1.01895189 -1.20135521 0.97614067
v -1.01556587 -1.23261928 0.98627126
v -1.00942087 -1.24702525 0.92100656
v -1.0330652 -1.14345121 1.02163267
v -1.04347324 -1.17892432 1.03575098
v -1.041139 -1.21834874 1.04842829
v -1.0238465 -1.26998591 1.06053721
v -0.99978214 -1.27477002 0.99540054
v -1.08724939 -1.1545788 1.08822476
v -1.08410346 -1.20562124 1.10444164
v -1.06414949 -1.26705956 1.11804294
v -1.03292977 -1.33852648 1.1241219
v -0.99435967 -1.33399939 1.06849134
v -1.14595902 -1.1969769 1.15149438
v -1.11859786 -1.27154719 1.16358053
v -1.07943344 -1.35115325 1.16472911
v -1.036255 -1.4344089 1.16207206
v -0.99338603 -1.41884827 1.12315356
v -1.17729461 -1.28571021 1.19006538
v -1.13258147 -1.37038493 1.18901932
v -1.08701038 -1.45508647 1.18250167
v -1.04585242 -1.54248523 1.17300605
v -0.99481207 -1.52480518 1.15552187
v -1.18975126 -1.39448654 1.18958663
v -1.14196634 -1.4777553 1.17953896
v -1.10096609 -1.56048083 1.16682148
v -1.07001173 -1.6442244 1.15192019
v -1.01388692 -1.6343975 1.15942549
v -1.19555783 -1.4993149 1.1552639
v -1.15513706 -1.57580828 1.14042353
v -1.12480592 -1.65121161 1.12514388
v -1.10884904 -1.72773766 1.11249268
v -1.05302345 -1.72930002 1.13796663
v -1.20516574 -1.58714735 1.096686
v -1.17524814 -1.65687084 1.08268535
v -1.15899801 -1.72678232 1.07286369
v -1.15624761 -1.7953844 1.06660425
v -1.10784375 -1.8021779 1.10388553
v -1.21830773 -1.66111171 1.02888453
v -1.20129394 -1.72664141 1.0222243
v -1.19678783 -1.79122233 1.01840519
v -1.20888733 -1.85256445 1.02095627
v -1.16963553 -1.86131262 1.06616592
v -1.23525738 -1.72839045 0.96500426
v -1.22858989 -1.79036581 0.96398156
v -1.23662138 -1.84979486 0.96727615
v -1.25671947 -1.90575671 0.97348958
v -1.23309779 -1.90985834 1.02635562
v -1.24688398 -1.79207861 0.90608996
v -1.25325989 -1.85155212 0.91048854
v -1.26848244 -1.90851831 0.91726946
v -1.29828858 -1.95927906 0.9266113
v -1.2875278 -1.95582687 0.98174136
v -1.25575828 -1.85669124 0.85502362
v -1.27202558 -1.91503655 0.86266642
v -1.29934907 -1.96950721 0.87384349
v -1.33827984 -2.01669549 0.88655561
v -1.33994805 -2.00057029 0.93769437
v -1.26466774 -1.92504751 0.81368362
v -1.29418087 -1.98233509 0.82487356
v -1.33422851 -2.03278255 0.83804196
v -1.38924276 -2.06679558 0.8483144
v -1.39413642 -2.04333066 0.89505273
v -1.27985751 -1.99883067 0.7834329
v -1.32409918 -2.05238509 0.79677325
v -1.37867462 -2.09479403 0.80979222
v -1.44768953 -2.11689066 0.81664145
v -1.45350313 -2.08255124 0.85492426
v -1.30387008 -2.07907247 0.76643204
v -1.36581206 -2.12391519 0.77884554
v -1.44018721 -2.15337562 0.79301005
v -1.51903176 -2.17219424 0.80918276
v -1.52101361 -2.13270497 0.83055675
v -1.34680652 -2.15772533 0.76724517
v -1.42721796 -2.19112038 0.7816801
v -1.5116502 -2.21208047 0.8029626
v -1.58610236 -2.22732067 0.84497135
v -1.58887517 -2.18993592 0.84769541
v -1.41232359 -2.22559523 0.78432589
v -1.5017724 -2.24688744 0.80810105
v -1.57936906 -2.26099157 0.85097962
v -1.63711166 -2.27055263 0.90401613
v -1.64261114 -2.23617696 0.89482641
v -1.49078929 -2.27598857 0.82386189
v -1.57009029 -2.28710484 0.86594373
v -1.62365639 -2.2957344 0.92037147
v -1.64974796 -2.29552841 0.97090977
v -1.66740977 -2.2702701 0.95535719
v -1.55783331 -2.30242109 0.89118868
v -1.60404467 -2.30540585 0.94140416
v -1.62115967 -2.3074994 0.98901468
v -1.62957239 -2.30372262 1.03339731
v -1.66008555 -2.28573703 1.01561367
v -1.58224809 -2.30786919 1.00595998
v -1.58329737 -2.30600309 1.04907715
v -1.51875102 -2.30710768 1.01965522
v -1.51547217 -2.30434656 1.06262075
v -1.51833891 -2.29141593 1.1042639
v -1.58500278 -2.29366612 1.08811736
v -1.52425265 -2.26162076 1.13272953
v -1.58866274 -2.26360249 1.11570715
v -1.53238391 -2.22287726 1.14841091
v -1.59522712 -2.2286973 1.12841665
v -1.54111933 -2.18253207 1.14685869
v -1.60219728 -2.19508957 1.12578392
v -1.64489173 -2.2050817 1.09712326
v -1.67094445 -2.21139049 1.06507849
v -1.6826998 -2.1895945 1.02286815
v -1.68125593 -2.21983122 1.02925169
v -1.68284547 -2.19578361 0.98331296
v -1.68337154 -2.22919917 0.98951244
v -1.67703163 -2.25988555 1.00068152
v -1.67274785 -2.23634409 0.94453716
v -1.66946923 -2.2004919 0.94170087
v -1.64193964 -2.20026922 0.89560395
v -1.66262805 -2.15792441 0.98283392
v -1.66542124 -2.15538692 1.02016651
v -1.62450337 -2.11926817 1.02157807
v -1.62573981 -2.12295389 0.98338723
v -1.5729438 -2.08419728 1.02310872
v -1.57742154 -2.08501839 0.97642314
v -1.51101648 -2.05863618 1.01789438
v -1.51652908 -2.05978536 0.96560525
v -1.52040767 -2.07247042 0.91409915
v -1.45348954 -2.04475116 0.9565519
v -1.45508194 -2.05825233 0.90263474
v -1.52173972 -2.09741258 0.86814135
v -1.39392197 -2.02690029 0.94748759
v -1.44801473 -2.041785 1.01017916
v -1.38750255 -2.02130842 1.00161731
v -1.33308088 -1.99419772 0.99192148
v -1.37457144 -2.02952837 1.05284857
v -1.31759381 -1.99932313 1.0437088
v -1.2687745 -1.95976638 1.0341221
v -1.29447865 -2.01662516 1.08866381
v -1.23999714 -1.97532153 1.07786452
v -1.19828581 -1.9229623 1.07034397
v -1.20508623 -2.00094676 1.10974502
v -1.15744674 -1.9416852 1.10441267
v -1.12468791 -1.87406718 1.10038936
v -1.11273145 -1.96562135 1.12152063
v -1.07451987 -1.89136076 1.11975848
v -1.0541923 -1.81163048 1.12611687
v -1.02078354 -1.90995311 1.12495899
v -0.99633681 -1.82177484 1.13131177
v -0.99510192 -1.72846567 1.14541363
v -0.94059354 -1.82895398 1.11995089
v -0.94034254 -1.72492718 1.13143765
v -0.96076637 -1.62239491 1.1448791
v -0.89533221 -1.71914589 1.09708976
v -0.91839724 -1.61100244 1.1097486
v -0.95355391 -1.51078045 1.11831808
v -0.89092671 -1.60254836 1.05792951
v -0.92403459 -1.50136971 1.06677186
v -0.95986306 -1.41024529 1.07077372
v -0.90640634 -1.49685633 1.00308072
v -0.93968141 -1.40841257 1.00508248
v -0.97115713 -1.33500921 1.00321519
v -0.93585211 -1.41040277 0.93210804
v -0.96613913 -1.33740878 0.93137818
v -0.99360615 -1.28166437 0.9270401
v -0.98230564 -1.34237527 0.85812497
v -1.00916433 -1.28953588 0.85923773
v -1.02292704 -1.26235842 0.85810679
v -1.04359388 -1.29873669 0.79968881
v -1.05469405 -1.27345001 0.8018735
v -1.05729997 -1.25120675 0.79851651
v -1.10069346 -1.27940011 0.75664711
v -1.10112047 -1.25675725 0.75409543
v -1.09317064 -1.23918426 0.74305415
v -1.15622055 -1.25743484 0.72097355
v -1.14861154 -1.23844599 0.70909392
v -1.13388037 -1.22408592 0.68981325
v -1.21040225 -1.22959458 0.68936348
v -1.1919676 -1.20760035 0.66213834
v -1.16024899 -1.18253934 0.62293773
v -1.25248181 -1.17808497 0.64681601
v -1.21944665 -1.14746189 0.60187643
v -1.16896796 -1.11249876 0.55016559
v -1.27530992 -1.10240924 0.59736549
v -1.22456812 -1.06460964 0.54493862
v -1.17643296 -1.02449512 0.4910272
v -1.27380931 -1.0081737 0.55764877
v -1.22934496 -0.9662773 0.50659793
v -1.19041431 -0.92287701 0.45498776
v -1.26569652 -0.90204578 0.54168087
v -1.22788906 -0.8576197 0.49112477
v -1.19414567 -0.81113261 0.44030368
v -1.24175775 -0.79257798 0.5427432
v -1.20713675 -0.74541372 0.49193283
v -1.18067693 -0.69569873 0.43744474
v -1.19767224 -0.6850295 0.55309486
v -1.1698426 -0.63290172 0.49936544
v -1.15261995 -0.57868802 0.44135794
v -1.1379565 -0.58106529 0.57003158
v -1.12036323 -0.52111333 0.51432675
v -1.08924186 -0.54385888 0.65055298
v -1.06786763 -0.47898623 0.60093647
v -1.02680349 -0.52374273 0.73711168
v -0.99731469 -0.45755863 0.69799548
v -0.95337075 -0.52775567 0.81962567
v -0.91507524 -0.45862376 0.78992295
v -0.88489943 -0.39208662 0.76110583
v -0.821841 -0.48726832 0.85631889
v -0.78269243 -0.42082354 0.83511954
v -0.75516909 -0.34884083 0.81349551
v -0.74301737 -0.26514405 0.79073768
v -0.73841428 -0.17579448 0.76709431
v -0.73385912 -0.08739874 0.74337774
v -0.82832658 -0.0869359 0.67099952
v -0.72591489 -0.00213967 0.72075271
v -0.81405913 -0.00503828 0.65152442
v -0.89827609 0.00666617 0.56509995
v -0.79795432 0.07176501 0.63427728
v -0.87537199 0.08773272 0.54710215
v -0.93601411 0.11031399 0.45021477
v -0.96727031 0.02648683 0.46725165
v -0.97804814 0.13505744 0.34925383
v -1.01420617 0.04903767 0.36304497
v -1.00273859 0.15957272 0.24648626
v -1.03884339 0.07341961 0.25478977
v -1.01450026 0.18525366 0.14171515
v -1.04804348 0.09913635 0.14425349
v -1.08707797 0.01984433 0.14247687
v -1.04665339 0.12644614 0.03312621
v -1.08399796 0.04879589 0.0260584
v -1.11963939 -0.02469786 0.0127863
v -1.07189905 0.07725334 -0.08939608
v -1.10571909 0.00292211 -0.10588427
v -1.13355338 -0.07189794 -0.12626926
v -1.14862656 -0.09727105 -0.00571839
v -1.15468764 -0.14866165 -0.14703661
v -1.1706947 -0.1719328 -0.02732322
v -1.16589915 -0.22877664 -0.16498822
v -1.18200254 -0.25098553 -0.05004441
v -1.16571056 -0.3147951 -0.17920258
v -1.18264949 -0.33604428 -0.07290345
v -1.14766669 -0.41213059 -0.1889978
v -1.16167068 -0.42861035 -0.09358647
v -1.172719 -0.452706 0.00009705
v -1.11913561 -0.52776652 -0.11020854
v -1.13142561 -0.54712522 -0.02877722
v -1.13823902 -0.57318788 0.05110836
v -1.06573462 -0.64146339 -0.04752874
v -1.07191109 -0.66039389 0.02371455
v -1.0741049 -0.68475633 0.0939702
v -0.98071992 -0.73579251 0.0149309
v -0.98797857 -0.75369054 0.08226945
v -0.99776345 -0.77629846 0.15012221
v -0.88729971 -0.80722868 0.08699395
v -0.90355801 -0.82474249 0.15476994
v -0.92602729 -0.84927392 0.22031948
v -0.802733 -0.8623594 0.17159916
v -0.83307361 -0.88312435 0.23963566
v -0.86975854 -0.9166938 0.30287861
v -0.74013751 -0.90732657 0.27349963
v -0.78636097 -0.9415335 0.33820641
v -0.83303958 -0.98564064 0.39433428
v -0.70958304 -0.95762497 0.38730984
v -0.76440358 -1.00127565 0.44387152
v -0.81794178 -1.05443 0.49471008
v -0.70670074 -1.00321567 0.50541776
v -0.76425659 -1.05573284 0.5562753
v -0.82532882 -1.10660159 0.60794943
v -0.72276431 -1.03892517 0.62601918
v -0.78469359 -1.08934247 0.67574763
v -0.84929478 -1.13329553 0.72665709
v -0.75886333 -1.05429565 0.74596148
v -0.82350772 -1.09895265 0.79436141
v -0.88851034 -1.13595664 0.84007298
v -0.81529861 -1.05090451 0.85885256
v -0.88162797 -1.0900377 0.9017471
v -0.94224363 -1.12298572 0.93323665
v -0.89223784 -1.03507995 0.95648235
v -0.9552654 -1.07227146 0.98636657
v -1.00406312 -1.10914707 1.00642097
v -0.98414135 -1.01561081 1.0318396
v -1.03852045 -1.06119883 1.05271971
v -1.07379674 -1.10753738 1.07002306
v -1.08826041 -1.01205897 1.08622229
v -1.12921834 -1.07027256 1.10854959
v -1.14826726 -1.13051497 1.1309669
v -1.19693994 -1.03460264 1.12893641
v -1.2190392 -1.11142718 1.15793848
v -1.211838 -1.19805884 1.17936933
v -1.29082655 -1.10423147 1.16475558
v -1.27880477 -1.20914423 1.18698847
v -1.23919916 -1.30643415 1.19498062
v -1.34303665 -1.22460269 1.17086613
v -1.29949176 -1.33037757 1.17481339
v -1.24534559 -1.41951322 1.16718125
v -1.35203766 -1.35203599 1.1332097
v -1.29553043 -1.44184327 1.12435674
v -1.24509608 -1.5172801 1.11145949
v -1.33921277 -1.45892286 1.06661546
v -1.28975498 -1.53070139 1.05288386
v -1.24949717 -1.59606015 1.04004418
v -1.32619166 -1.53940367 0.98762637
v -1.28568553 -1.60318541 0.97718387
v -1.25338208 -1.66560876 0.96894782
v -1.30881166 -1.60732626 0.91344445
v -1.27627229 -1.66934692 0.90793275
v -1.25708138 -1.73127937 0.90580642
v -1.28462839 -1.67105293 0.84845405
v -1.26482093 -1.73411345 0.84787684
v -1.25273561 -1.79580986 0.84957218
v -1.25714218 -1.73520243 0.79329174
v -1.24697005 -1.80041647 0.79701823
v -1.24886918 -1.86300289 0.80370003
v -1.22425019 -1.80351138 0.75034278
v -1.22844648 -1.87093114 0.75995296
v -1.24697351 -1.93727958 0.77177768
v -1.1935271 -1.88049149 0.72588866
v -1.21761024 -1.95215475 0.73946994
v -1.25476896 -2.01929235 0.75243091
v -1.17870152 -1.96989679 0.72480571
v -1.22246813 -2.04299092 0.73652046
v -1.27834379 -2.10766863 0.75043767
v -1.1863867 -2.06767725 0.73855197
v -1.24913954 -2.13683128 0.75250679
v -1.32484042 -2.19050383 0.76787692
v -1.22028827 -2.16511702 0.76806449
v -1.30384767 -2.22095036 0.78317707
v -1.39732229 -2.25665879 0.79884004
v -1.28567934 -2.24901723 0.81053566
v -1.38371145 -2.28239464 0.82373267
v -1.4787383 -2.29630684 0.84797632
v -1.37328672 -2.30113387 0.86168676
v -1.27229011 -2.27155995 0.84904032
v -1.26053953 -2.28902316 0.89521247
v -1.3646785 -2.3057332 0.90776783
v -1.25293624 -2.29498529 0.95175463
v -1.35622465 -2.30689239 0.95995438
v -1.24992847 -2.28852534 1.00814688
v -1.35147857 -2.30444622 1.01391804
v -1.43963933 -2.30632734 1.01945507
v -1.34999406 -2.29336667 1.06374371
v -1.43862795 -2.30058884 1.06767165
v -1.35231542 -2.26950669 1.10725843
v -1.43965232 -2.28197169 1.11097776
v -1.36036086 -2.2341001 1.13885259
v -1.44547462 -2.24982023 1.14104163
v -1.37332499 -2.19134497 1.15457284
v -1.45532798 -2.20989418 1.15754103
v -1.38902008 -2.14722442 1.15493965
v -1.46685373 -2.16672682 1.15754199
v -1.40632283 -2.1067214 1.13495302
v -1.47942376 -2.12707877 1.13660728
v -1.54980313 -2.14629435 1.129956
v -1.49184942 -2.09296417 1.10666668
v -1.55863845 -2.11585044 1.10192668
v -1.50239813 -2.06940746 1.06641197
v -1.5662918 -2.09505128 1.06575572
v -1.42303979 -2.07330846 1.10350143
v -1.43790769 -2.04996156 1.06068956
v -1.35591816 -2.05000901 1.09606635
v -1.33312678 -2.08232426 1.12891542
v -1.26468384 -2.04666352 1.11958956
v -1.31067585 -2.12170052 1.14754152
v -1.23393797 -2.08406376 1.13972914
v -1.16769135 -2.03377032 1.12934887
v -1.20611619 -2.12633824 1.14377665
v -1.12975156 -2.06876111 1.13522315
v -1.06722831 -1.99457705 1.12670517
v -1.09535455 -2.10458827 1.12289083
v -1.02454245 -2.0227642 1.11576175
v -0.96991837 -1.92910122 1.1126852
v -0.99114275 -2.04548239 1.0841645
v -0.92883867 -1.94390893 1.08136296
v -0.89315247 -1.83225715 1.08651232
v -0.90175753 -1.95369541 1.03505873
v -0.86252981 -1.83342731 1.03774905
v -0.86529451 -1.71283388 1.04651808
v -0.8456754 -1.83424055 0.97944378
v -0.84946656 -1.70867729 0.98632335
v -0.87556582 -1.59743797 0.99613833
v -0.84830737 -1.70722615 0.91735315
v -0.87385386 -1.59579753 0.92482256
v -0.90412563 -1.49687802 0.92991668
v -0.89190787 -1.59831869 0.84882891
v -0.92171812 -1.50094652 0.85306698
v -0.95208984 -1.41512608 0.85634738
v -0.96081244 -1.50865232 0.78381061
v -0.99110478 -1.42343723 0.78924274
v -1.0200783 -1.34933495 0.79360127
v -1.04423511 -1.43445503 0.73774659
v -1.07246327 -1.36040782 0.74508607
v -1.09324646 -1.30799686 0.75366765
v -1.13314855 -1.37524592 0.71353042
v -1.15062403 -1.317317 0.72090882
v -1.1577754 -1.28172349 0.72499674
v -1.21351409 -1.32915568 0.70477432
v -1.22070634 -1.28425765 0.70728212
v -1.21909189 -1.25309073 0.70337796
v -1.28710496 -1.28811776 0.70490074
v -1.28474104 -1.24644088 0.69951272
v -1.27327311 -1.21060359 0.68096566
v -1.35172975 -1.23251307 0.71199113
v -1.33786869 -1.1841464 0.68798923
v -1.31305086 -1.14094126 0.64772313
v -1.40043532 -1.15227866 0.7105298
v -1.36907017 -1.09678542 0.66446977
v -1.3232057 -1.05017924 0.61061948
v -1.40838408 -1.0469774 0.69829982
v -1.35804987 -0.9935944 0.64318889
v -1.30842208 -0.94639623 0.59180766
v -1.37494146 -0.93756032 0.6937989
v -1.32401442 -0.88706755 0.64278984
v -1.28073442 -0.83923542 0.59280765
v -1.31970596 -0.83503216 0.70421189
v -1.27371263 -0.78448516 0.65471333
v -1.23336052 -0.73453193 0.60454124
v -1.2479192 -0.74181789 0.72261148
v -1.20489633 -0.68937325 0.67289453
v -1.1671127 -0.63661921 0.62255376
v -1.16214788 -0.6593793 0.74530077
v -1.12151849 -0.60338187 0.69765919
v -1.10996604 -0.64610976 0.81883519
v -1.06499421 -0.58662933 0.77690017
v -1.0477885 -0.65696412 0.88554966
v -0.99752736 -0.5943619 0.85157877
v -0.97827798 -0.69178539 0.93438601
v -0.9241622 -0.62704414 0.90807849
v -0.87178123 -0.55722266 0.88145637
v -0.84899842 -0.68154144 0.93375605
v -0.90717899 -0.74435752 0.95840573
v -0.84162592 -0.8092314 0.95434027
v -0.7802813 -0.74971067 0.92787092
v -0.79134506 -0.87843936 0.92382019
v -0.72841978 -0.82315403 0.89238166
v -0.76088142 -0.94515192 0.87497925
v -0.69850617 -0.89271259 0.83718591
v -0.63411986 -0.84312558 0.80105203
v -0.68792343 -0.95466822 0.77197849
v -0.62586748 -0.90691202 0.73160958
v -0.56120288 -0.86707538 0.69508731
v -0.56611377 -0.80203551 0.76731979
v -0.48905515 -0.8420794 0.66864293
v -0.49233031 -0.77825379 0.74701678
v -0.41227141 -0.83585196 0.65567618
v -0.41499421 -0.77490204 0.74338996
v -0.42615291 -0.70322352 0.81897151
v -0.33982098 -0.78217423 0.74968028
v -0.35190409 -0.7176674 0.83702594
v -0.36726751 -0.64229679 0.91002142
v -0.43952384 -0.62513202 0.88322931
v -0.37367978 -0.55180627 0.95074373
v -0.44429656 -0.5378704 0.9235422
v -0.37020248 -0.45228314 0.96232259
v -0.43465837 -0.44161549 0.93928158
v -0.35429009 -0.35346671 0.95016193
v -0.40994042 -0.35187336 0.93203306
v -0.33229574 -0.27079615 0.92326068
v -0.38046649 -0.28466829 0.90722066
v -0.32654327 -0.19766959 0.88245219
v -0.35536259 -0.22108909 0.85880279
v -0.34378057 -0.10764941 0.83157044
v -0.35536944 -0.12586541 0.79873108
v -0.36538463 -0.00362087 0.80124795
v -0.38156577 -0.01244415 0.76296401
v -0.41489923 -0.02515609 0.74673265
v -0.42415496 0.09245643 0.75511509
v -0.4621824 0.07778403 0.7364301
v -0.50122976 0.05900901 0.74612963
v -0.45228967 -0.03273127 0.76599019
v -0.39277312 0.09722214 0.79680413
v -0.43735402 0.17740413 0.79107034
v -0.38751137 0.1873832 0.83993428
v -0.43514218 0.27596175 0.81966745
v -0.51593017 0.25953155 0.76801496
v -0.36452639 0.10118007 0.84668767
v -0.32068315 0.12265235 0.89735019
v -0.32401844 0.21689592 0.88100332
v -0.34975355 0.00847919 0.85257738
v -0.32303446 0.02869562 0.91278457
v -0.26753807 0.05287836 0.9529581
v -0.33356052 -0.08367872 0.87449616
v -0.3114075 -0.05528 0.93168777
v -0.26615586 -0.03656418 0.97746336
v -0.20964679 -0.02950657 0.99328017
v -0.20442485 0.06185722 0.961241
v -0.2959451 -0.14099586 0.96670156
v -0.25344532 -0.13184945 1.00699889
v -0.20283071 -0.12542778 1.02179169
v -0.15731594 -0.12388138 1.01191604
v -0.15810518 -0.03348704 0.98287206
v -0.23242449 -0.24278093 1.02850937
v -0.19014002 -0.23604051 1.03819286
v -0.15033841 -0.22871209 1.03055191
v -0.11785317 -0.22083735 1.00389599
v -0.12087681 -0.12513296 0.98715925
v -0.1356226 -0.34357911 1.02185237
v -0.10742333 -0.32318919 0.99812454
v -0.08454766 -0.30113089 0.96360147
v -0.09658894 -0.21426865 0.9677003
v -0.08789222 -0.44149136 0.99316227
v -0.06635478 -0.40837109 0.97115439
v -0.05170472 -0.37344718 0.94078058
v -0.04149377 -0.33886861 0.9029718
v -0.06783571 -0.27868855 0.92124813
v 0 -0.44968608 0.94816273
v 0 -0.4145489 0.91799134
v 0 -0.37695336 0.88090837
v 0 -0.49538594 0.98469299
v -0.0595272 -0.20116563 0.87059372
v -0.07782909 -0.20670361 0.9227761
v -0.06072822 -0.14543129 0.85421437
v -0.0792832 -0.1388456 0.90660101
v -0.09737062 -0.13092227 0.9505831
v -0.12005751 -0.04551968 0.95797628
v -0.11260182 0.034587 0.91908913
v -0.14999219 0.05429712 0.94705063
v -0.09832283 0.10112039 0.86685299
v -0.05023185 0.08102695 0.79134517
v -0.06703728 0.15952257 0.82003974
v 0 0.09652193 0.77130746
v 0 0.19592493 0.79639214
v -0.03964116 -0.01253609 0.78636091
v 0 -0.00611768 0.76770502
v -0.0354572 -0.09546852 0.79733783
v 0 -0.09717327 0.77112418
v -0.03510197 -0.14962405 0.80778968
v 0 -0.15143568 0.77611595
v -0.03582354 -0.20260174 0.81933027
v 0 -0.20717178 0.78555405
v -0.27691286 -0.24531216 0.99854141
v -0.3169907 -0.16494916 0.91778242
v -0.30657607 -0.25462919 0.95269984
v -0.3057934 -0.35436493 0.97740787
v -0.3077341 -0.46234321 0.98595607
v -0.30259043 -0.56678915 0.97472631
v -0.29530993 -0.66006463 0.9318068
v -0.2172901 -0.67858749 0.94280815
v -0.27920013 -0.73398929 0.85479325
v -0.20167388 -0.74894237 0.86378938
v -0.10795612 -0.76167976 0.86336123
v -0.1185125 -0.70034456 0.93820482
v 0 -0.77060741 0.86300408
v 0 -0.71704638 0.93067485
v -0.09732592 -0.81244742 0.77006661
v 0 -0.81941503 0.77215492
v -0.09003323 -0.86291539 0.66763019
v 0 -0.8680424 0.67020565
v -0.08712267 -0.90304356 0.55427259
v 0 -0.9070515 0.55624187
v -0.08766949 -0.93013232 0.43542593
v 0 -0.93386238 0.43584379
v -0.08925323 -0.94657528 0.31825131
v 0 -0.94986373 0.31591323
v -0.09008219 -0.95639348 0.21077792
v 0 -0.95957982 0.2105502
v -0.09011843 -0.96194285 0.10477518
v 0 -0.96523726 0.10531432
v -0.08980185 -0.96355623 -0.00225253
v 0 -0.96699893 -0.0015524
v -0.0895998 -0.96209955 -0.10980267
v 0 -0.96556067 -0.10911468
v -0.08954078 -0.95713996 -0.21728125
v 0 -0.96014618 -0.21664759
v -0.08956556 -0.9481306 -0.32456046
v 0 -0.95073878 -0.32404121
v -0.0893008 -0.93290621 -0.43131512
v 0 -0.93521904 -0.43084767
v -0.08811976 -0.91037756 -0.5371021
v 0 -0.91174322 -0.53696274
v -0.08542017 -0.87891566 -0.64162147
v 0 -0.87875664 -0.64238113
v -0.08135775 -0.83751952 -0.7446081
v 0 -0.83588737 -0.74536973
v -0.07715766 -0.78476733 -0.84926956
v 0 -0.78253299 -0.84866178
v -0.07517142 -0.71729886 -0.95321744
v 0 -0.7141053 -0.9527533
v -0.07782934 -0.63733714 -1.05084717
v 0 -0.6328932 -1.05070519
v -0.08661536 -0.55905991 -1.14363026
v 0 -0.55798792 -1.14898526
v -0.10202211 -0.47067609 -1.21356761
v 0 -0.47002422 -1.22104203
v -0.11382044 -0.37614175 -1.24331963
v 0 -0.37663576 -1.25037348
v -0.12127188 -0.28649401 -1.23560595
v 0 -0.28477057 -1.24192369
v -0.12751661 -0.20380336 -1.20874714
v 0 -0.19691218 -1.21401596
v -0.13142475 -0.13055093 -1.17894673
v 0 -0.12685397 -1.18615984
v -0.13267485 -0.0578023 -1.14951908
v 0 -0.05462597 -1.15768814
v -0.13244018 0.01682193 -1.12295925
v 0 0.02051685 -1.13178551
v -0.13159421 0.09422276 -1.10072195
v 0 0.0979692 -1.11008846
v -0.13035285 0.17437687 -1.08083701
v 0 0.17729239 -1.09122026
v -0.12909895 0.25667738 -1.06221938
v 0 0.25914141 -1.07111144
v -0.12930931 0.34272593 -1.05839633
v 0 0.3447889 -1.0684179
v -0.1309345 0.43162044 -1.06624603
v 0 0.43398505 -1.07845151
v -0.13125157 0.52296423 -1.05924117
v 0 0.52592343 -1.07227838
v -0.12957775 0.61404222 -1.03536391
v 0 0.61745816 -1.04772508
v -0.1266023 0.70404106 -1.00016784
v 0 0.70755887 -1.01214242
v -0.12249729 0.79295903 -0.95470398
v 0 0.79657745 -0.96640086
v -0.11747124 0.88070911 -0.90016454
v 0 0.88538646 -0.91039991
v -0.11233475 0.96913611 -0.84074884
v 0 0.9731934 -0.85076326
v -0.10719015 1.05963349 -0.77557981
v 0 1.06384456 -0.78531497
v -0.10283439 1.15298962 -0.70589661
v 0 1.15736401 -0.71486645
v -0.10000565 1.24892556 -0.63279473
v 0 1.25400459 -0.64047116
v -0.09881587 1.34338271 -0.55636262
v 0 1.3505398 -0.56319373
v -0.09933427 1.42908895 -0.48142436
v 0 1.43618834 -0.48952552
v -0.10154835 1.50721323 -0.40452614
v 0 1.51476037 -0.41276603
v -0.10537449 1.57409834 -0.32217755
v 0 1.58542001 -0.33107531
v -0.10924582 1.62349224 -0.23304137
v 0 1.63666319 -0.2405496
v -0.11258925 1.65201354 -0.14020922
v 0 1.66641831 -0.14636267
v -0.1150239 1.66266477 -0.04810168
v 0 1.67900836 -0.0529813
v -0.11704172 1.66206479 0.03966425
v 0 1.67930531 0.03592953
v -0.11812905 1.65219664 0.12391961
v 0 1.67024445 0.12152296
v -0.11751794 1.63301277 0.20404641
v 0 1.65169668 0.20180963
v -0.1151372 1.60502028 0.27962803
v 0 1.62408864 0.27997744
v -0.11125895 1.56956279 0.34971752
v 0 1.58912682 0.351736
v -0.10689403 1.53329873 0.41898778
v 0 1.55087113 0.41764634
v -0.1008873 1.49166894 0.48468622
v 0 1.50919675 0.48282462
v -0.09012801 1.43787109 0.54250264
v 0 1.45677185 0.538625
v -0.07830505 1.36838305 0.5833863
v 0 1.38429999 0.58142936
v -0.06847053 1.28923654 0.60476976
v 0 1.29889619 0.60703921
v -0.06180147 1.21016001 0.60346108
v 0 1.21621668 0.60887402
v -0.05758394 1.13776469 0.5773431
v 0 1.14320039 0.57969373
v -0.05416791 1.07587111 0.53020936
v 0 1.08323156 0.53027999
v -0.0527665 1.02299356 0.47031742
v 0 1.03132283 0.46919769
v -0.05159768 0.97274929 0.40547868
v 0 0.98329812 0.40407064
v -0.04918038 0.92099553 0.33728244
v 0 0.9339776 0.33577576
v -0.04197924 0.86335724 0.26512375
v 0 0.8752402 0.26357537
v -0.03486019 0.78868091 0.19334091
v 0 0.79793059 0.18850782
v -0.03352398 0.71552342 0.15043093
v 0 0.71795564 0.14146217
v -0.03355522 0.67561525 0.14643442
v 0 0.67589557 0.13871105
v -0.03355639 0.64208024 0.15428581
v 0 0.64063912 0.14650765
v -0.03226803 0.61599361 0.16854171
v 0 0.61354643 0.16198022
v -0.0303167 0.5938096 0.18573226
v 0 0.59069299 0.18051114
v -0.02783336 0.57459199 0.20503792
v 0 0.57124751 0.20139469
v -0.02510785 0.5587576 0.22838971
v 0 0.55528163 0.22701901
v -0.02513366 0.54477679 0.25875186
v 0 0.54004466 0.25727862
v -0.03135031 0.53180849 0.32652446
v 0 0.52542603 0.32851174
v -0.04305409 0.52675527 0.40928995
v 0 0.51856333 0.4167495
v -0.05738299 0.52496737 0.49302983
v 0 0.51393872 0.49848097
v -0.06667502 0.52370393 0.58126616
v 0 0.51157796 0.58658719
v -0.07717867 0.52232408 0.6713823
v 0 0.51048332 0.67654633
v -0.09418318 0.50779026 0.75978869
v 0 0.50262403 0.7622894
v 0 0.47316795 0.83424228
v 0 0.41502198 0.8854677
v -0.14805232 0.54650515 0.65502715
v -0.17914836 0.53736716 0.7421509
v -0.20669785 0.58096122 0.63249415
v -0.24759909 0.58559101 0.71130222
v -0.30864781 0.56596326 0.77640497
v -0.29358494 0.64103651 0.68077313
v -0.359153 0.64583802 0.73816543
v -0.44086217 0.63782906 0.76576107
v -0.3790428 0.71680742 0.70754867
v -0.45635861 0.72621113 0.73368525
v -0.5413689 0.73337268 0.73217648
v -0.52806156 0.63036799 0.76257294
v -0.61753201 0.74438345 0.71230876
v -0.60982793 0.62784338 0.73742854
v -0.5704 0.50368762 0.76745009
v -0.68195509 0.63161343 0.69569051
v -0.64960706 0.49819618 0.72034335
v -0.58864855 0.36950591 0.74476295
v -0.5029658 0.38071334 0.79648679
v -0.71770328 0.5009343 0.66284161
v -0.66427284 0.36265304 0.6870808
v -0.77432131 0.50972187 0.59729003
v -0.73026621 0.36051112 0.6255638
v -0.82523471 0.52510374 0.5262131
v -0.80005115 0.38355717 0.55050528
v -0.87534773 0.54536956 0.45307284
v -0.85947454 0.40920609 0.47240117
v -0.8456943 0.28014764 0.49728784
v -0.91790151 0.43579304 0.3954496
v -0.89958125 0.31186977 0.40758004
v -0.90967506 0.20224717 0.42928448
v -0.85550946 0.17310316 0.52613878
v -0.9482966 0.34031909 0.32041865
v -0.95036417 0.22963772 0.33354342
v -0.98584628 0.36650478 0.23061595
v -0.97719389 0.25759324 0.23618526
v -1.0161699 0.39165535 0.1368471
v -1.00075793 0.28483444 0.13778729
v -1.03595578 0.41639632 0.03776649
v -1.02224636 0.31129673 0.03755212
v -1.02081811 0.2135774 0.03632067
v -1.03284025 0.33775708 -0.06651198
v -1.02152276 0.24337913 -0.07036155
v -1.03899014 0.1554522 -0.07758678
v -1.01445388 0.27274492 -0.17880067
v -1.02184426 0.18421788 -0.18741691
v -1.0507754 0.10444542 -0.20223103
v -0.99581009 0.21387693 -0.29632285
v -1.01949536 0.13177461 -0.31183022
v -1.05137372 0.05366747 -0.33230504
v -1.08305144 0.02825095 -0.22127781
v -1.07910084 -0.02534892 -0.35574233
v -1.1105318 -0.04916591 -0.2434965
v -1.10236334 -0.10939122 -0.38028612
v -1.13221836 -0.12893906 -0.2654069
v -1.14584565 -0.21060435 -0.28121578
v -1.14755618 -0.29806193 -0.28772518
v -1.13159406 -0.4032225 -0.28464573
v -1.08157885 -0.51702892 -0.35910764
v -1.09295749 -0.51194953 -0.27676561
v -1.10635995 -0.51639241 -0.19334705
v -1.03796923 -0.62103301 -0.26926595
v -1.04610979 -0.62078493 -0.19467258
v -1.05623245 -0.62820738 -0.1205125
v -0.96184331 -0.71554935 -0.1933031
v -0.96751332 -0.7172116 -0.12289422
v -0.97432422 -0.72425323 -0.05322556
v -0.86502373 -0.79226332 -0.12061815
v -0.86943769 -0.7924025 -0.05027232
v -0.87628531 -0.79669117 0.01877578
v -0.76068866 -0.8499704 -0.04245282
v -0.76757413 -0.84763741 0.03037059
v -0.78078407 -0.85000622 0.10226939
v -0.66013479 -0.88929051 0.04889308
v -0.67496615 -0.88647073 0.12752363
v -0.70081454 -0.89026212 0.20231545
v -0.55429101 -0.9190095 0.07064812
v -0.65160042 -0.89437156 -0.03172289
v -0.54562449 -0.92415845 -0.02032357
v -0.44871452 -0.94088172 -0.01277849
v -0.45356574 -0.93655663 0.08865534
v -0.35847041 -0.95084577 -0.00878947
v -0.3628903 -0.94696378 0.09687378
v -0.26906421 -0.95692491 -0.00675346
v -0.27156007 -0.95436 0.10048189
v -0.27365121 -0.94724303 0.207309
v -0.27138581 -0.93718987 0.31534475
v -0.18057781 -0.95906829 0.10299824
v -0.18102063 -0.95332294 0.20972916
v -0.17930556 -0.94351571 0.3181262
v -0.17542667 -0.92701208 0.43291962
v -0.26329037 -0.92092633 0.42960259
v -0.17263495 -0.89951759 0.55068868
v -0.25584316 -0.89299148 0.54660618
v -0.33973249 -0.88426452 0.54684418
v -0.41991621 -0.8801127 0.55488807
v -0.25549984 -0.84991055 0.65823507
v -0.33529511 -0.84086519 0.65406984
v -0.26237785 -0.79212772 0.75918781
v -0.1751119 -0.85814476 0.66392087
v -0.18484839 -0.80283308 0.76653903
v -0.49869698 -0.88860738 0.57807385
v -0.57139098 -0.9158793 0.61370223
v -0.59910452 -0.94786894 0.52909499
v -0.66304153 -0.98856204 0.57744771
v -0.64609181 -0.9600479 0.45100355
v -0.63613766 -0.95556372 0.6550455
v -0.69660937 -1.00436639 0.69983822
v -0.7501195 -1.00517094 0.81428998
v -0.82503277 -0.9933291 0.91587668
v -0.85310554 -0.92938947 0.96029293
v -0.91877847 -0.97366261 0.99923718
v -0.90005922 -0.86199921 0.98699802
v -0.96163779 -0.9093281 1.02382433
v -1.02877736 -0.95837688 1.05948388
v -1.01955616 -0.85074287 1.02716207
v -1.08364582 -0.90537482 1.06448316
v -1.14722359 -0.9643979 1.09831452
v -1.14661431 -0.86154031 1.04637765
v -1.21052575 -0.92707222 1.08703851
v -1.26508498 -1.0068798 1.1274755
v -1.27465391 -0.90485042 1.05399394
v -1.32980704 -0.99233305 1.10267722
v -1.35673868 -1.10456275 1.14728653
v -1.38871586 -0.99046528 1.05941367
v -1.41612601 -1.11183941 1.10768091
v -1.39890217 -1.24088394 1.13106966
v -1.46208584 -1.12310707 1.05161654
v -1.44285655 -1.25577223 1.07579064
v -1.39508903 -1.36833632 1.07708239
v -1.47536456 -1.26947653 1.01113522
v -1.42859137 -1.38000857 1.01229476
v -1.37426006 -1.46870505 1.0004462
v -1.44734919 -1.38551533 0.94250738
v -1.39717912 -1.47137165 0.93200999
v -1.34869515 -1.54210388 0.92108213
v -1.40378022 -1.46822416 0.86564421
v -1.35617816 -1.5401051 0.85762381
v -1.3168739 -1.60733425 0.85174953
v -1.34739661 -1.53284537 0.7988342
v -1.30898451 -1.60246002 0.79398733
v -1.27730929 -1.66979014 0.79248428
v -1.28362858 -1.5919317 0.74516558
v -1.25176942 -1.663486 0.74481749
v -1.23303079 -1.73418903 0.74595147
v -1.21215915 -1.65375876 0.70894855
v -1.19285702 -1.73105537 0.70935851
v -1.18589508 -1.80635106 0.71443468
v -1.1416856 -1.72772741 0.68897163
v -1.13535237 -1.81050503 0.69482308
v -1.14900171 -1.89247238 0.70860499
v -1.08069109 -1.81538021 0.69091856
v -1.09924244 -1.90467739 0.70704805
v -1.13621521 -1.98920941 0.72449564
v -1.04838383 -1.91752171 0.71952366
v -1.09457004 -2.00800776 0.73826789
v -1.15144383 -2.09133696 0.75359165
v -1.0522139 -2.02790188 0.7659803
v -1.11773514 -2.11495518 0.78145897
v -1.19453394 -2.19129252 0.79596531
v -1.08644151 -2.13946747 0.82193988
v -1.1730386 -2.21691823 0.8345682
v -1.06061756 -2.15975737 0.87508142
v -1.15580081 -2.23725605 0.88437974
v -1.04495036 -2.17086148 0.93580818
v -1.14483249 -2.24728417 0.94336956
v -1.04241752 -2.16926956 0.99472129
v -1.1425414 -2.24384594 1.00166118
v -1.0511204 -2.15658044 1.0473895
v -1.14757704 -2.22891449 1.05317699
v -1.25127887 -2.27218389 1.05817925
v -1.15968322 -2.20346546 1.0980612
v -1.25718021 -2.24721312 1.10372817
v -1.17982769 -2.16798043 1.13065338
v -1.27019882 -2.21025228 1.13539469
v -1.28891634 -2.16546726 1.15205276
v -1.06875646 -2.13513922 1.09176218
v -0.96963816 -2.06137251 1.03958749
v -0.95928245 -2.07047605 0.98633348
v -0.88789576 -1.95948982 0.97937089
v -0.96177208 -2.07177949 0.9274429
v -0.88965314 -1.96071887 0.91686862
v -0.84573614 -1.83427345 0.91261035
v -0.91085445 -1.95598387 0.85073173
v -0.86615377 -1.83296561 0.84005427
v -0.86786037 -1.7083112 0.84321647
v -0.90928751 -1.83004283 0.77672314
v -0.90899086 -1.71150648 0.77655845
v -0.93278199 -1.60477447 0.78027766
v -0.96595889 -1.71586322 0.72583651
v -0.987212 -1.61289453 0.72755569
v -1.01499629 -1.51911866 0.73180711
v -1.04704594 -1.62244308 0.69693332
v -1.07507014 -1.53150749 0.7011944
v -1.10487318 -1.44849538 0.70562303
v -1.13470375 -1.54556787 0.68655312
v -1.16623067 -1.46518433 0.69346267
v -1.19500398 -1.39140093 0.69830298
v -1.22339069 -1.48296785 0.69736433
v -1.25566053 -1.40977335 0.70159459
v -1.27835047 -1.34325468 0.70566958
v -1.31119597 -1.42796385 0.72117787
v -1.34021127 -1.35553109 0.72429841
v -1.35267949 -1.29082679 0.72218382
v -1.39380395 -1.36778795 0.76035291
v -1.41406321 -1.28948509 0.7563104
v -1.41530168 -1.21645116 0.74034953
v -1.4609009 -1.28904783 0.80728954
v -1.46980059 -1.19944977 0.78879749
v -1.45066106 -1.1145277 0.74983394
v -1.49923074 -1.17832553 0.8487966
v -1.47616958 -1.07758331 0.80423665
v -1.42833495 -0.99847149 0.74962896
v -1.48247325 -1.04389512 0.86858385
v -1.43041169 -0.95625424 0.8124153
v -1.37219035 -0.88955247 0.7557404
v -1.41344094 -0.92355048 0.87965333
v -1.35202062 -0.85387575 0.82302266
v -1.29626274 -0.79601532 0.77187001
v -1.31731653 -0.83196389 0.89045417
v -1.2598325 -0.77209121 0.84061312
v -1.20921802 -0.71412134 0.79307854
v -1.2126044 -0.76304471 0.90713691
v -1.16000008 -0.70442175 0.86245888
v -1.15353035 -0.77300524 0.96547353
v -1.10034883 -0.71461707 0.92457276
v -1.08657527 -0.80350887 1.00693905
v -1.03170216 -0.74800646 0.96908646
v -0.96230292 -0.79903352 0.99065208
v -1.2108947 -0.83457434 1.00802433
v -1.26992905 -0.8245778 0.95421117
v -1.3331151 -0.89663416 1.00493574
v -1.38009238 -0.90370166 0.94512641
v -1.43517613 -0.99955642 1.00243783
v -1.46748733 -1.0174216 0.93775528
v -1.49298846 -1.13932573 0.98586821
v -1.5066204 -1.1580863 0.91556716
v -1.4896382 -1.2798115 0.9405719
v -1.48590672 -1.28658008 0.871706
v -1.44920527 -1.38486516 0.87350755
v -1.43052387 -1.37819743 0.81025779
v -1.39060437 -1.45896887 0.80473643
v -1.35851216 -1.44471097 0.75502783
v -1.31939351 -1.51919853 0.75055742
v -1.27656972 -1.50173521 0.71555411
v -1.2417202 -1.57697236 0.71142959
v -1.19065916 -1.56112134 0.69103592
v -1.1616311 -1.64317905 0.68915641
v -1.1056534 -1.63281297 0.68490421
v -1.084939 -1.72393393 0.68402707
v -1.02638411 -1.71968901 0.69572407
v -1.02334237 -1.8204869 0.70168644
v -0.96471363 -1.82568347 0.72859054
v -0.99773871 -1.9321841 0.74663341
v -0.94983512 -1.94574773 0.79112803
v -1.01255142 -2.04797434 0.80862921
v -0.97997915 -2.06413769 0.8650614
v -0.17957149 -0.96056479 -0.00439919
v -0.26838237 -0.95621889 -0.11381809
v -0.17907287 -0.95932954 -0.11199819
v -0.26867869 -0.95304036 -0.22055317
v -0.1791037 -0.9550597 -0.21917191
v -0.26919016 -0.94673687 -0.32739639
v -0.17932504 -0.94684636 -0.32629948
v -0.26972672 -0.93641209 -0.43518012
v -0.17916345 -0.93320643 -0.4334006
v -0.26860794 -0.91986632 -0.54352092
v -0.17727585 -0.91250842 -0.53947663
v -0.26059842 -0.89481586 -0.65028673
v -0.17198373 -0.88344889 -0.64374941
v -0.24537502 -0.85969477 -0.75649946
v -0.16327136 -0.84494906 -0.74776327
v -0.22924463 -0.81189292 -0.86372882
v -0.15395961 -0.79418861 -0.85363054
v -0.22106608 -0.7503494 -0.96712815
v -0.14909295 -0.72959524 -0.95773387
v -0.22723847 -0.6728329 -1.05824267
v -0.15427129 -0.65008008 -1.0522269
v -0.24837923 -0.58854037 -1.13447725
v -0.17009706 -0.56871575 -1.13779008
v -0.28380537 -0.49975097 -1.19156992
v -0.19683995 -0.47991445 -1.20358347
v -0.32932707 -0.40263494 -1.21568656
v -0.22499844 -0.3811343 -1.23256623
v -0.36396452 -0.31158971 -1.20281493
v -0.2439922 -0.29281905 -1.22330474
v -0.38494715 -0.23057243 -1.17031228
v -0.25702795 -0.21310456 -1.19557213
v -0.39557236 -0.15490627 -1.13271176
v -0.26431214 -0.13877679 -1.16168773
v -0.39738467 -0.08098739 -1.09753143
v -0.26589581 -0.06627307 -1.12980771
v -0.39381855 -0.00508955 -1.06687867
v -0.26455974 0.00851789 -1.10174214
v -0.38846233 0.07371759 -1.0413146
v -0.26199492 0.08630251 -1.07834565
v -0.38286441 0.15550015 -1.0201255
v -0.25901126 0.16712155 -1.05827546
v -0.37788203 0.23892083 -1.00126385
v -0.25624439 0.25012657 -1.04043996
v -0.37731683 0.32538601 -0.99295437
v -0.25626671 0.33624324 -1.03401279
v -0.38289177 0.4143871 -0.99849498
v -0.2596803 0.42501917 -1.03943634
v -0.38405495 0.50565338 -0.99181789
v -0.26031497 0.51597976 -1.03260707
v -0.3795863 0.59749186 -0.9707244
v -0.25699928 0.60725998 -1.009696
v -0.37067404 0.68831819 -0.93748766
v -0.25099194 0.69744199 -0.97525042
v -0.3584989 0.77759468 -0.89413416
v -0.2427542 0.78621304 -0.93065434
v -0.34393191 0.86561155 -0.84236401
v -0.23290738 0.87406081 -0.8776974
v -0.32857883 0.95436877 -0.78527748
v -0.22249329 0.96280622 -0.81947362
v -0.31337988 1.04448258 -0.7226364
v -0.21236383 1.05350911 -0.75592035
v -0.30055853 1.13676464 -0.65582937
v -0.20374454 1.1467483 -0.68749493
v -0.29071551 1.22847354 -0.58323234
v -0.19787865 1.24133241 -0.61537873
v -0.28683793 1.31669044 -0.50763231
v -0.19548736 1.33334279 -0.54002803
v -0.2879619 1.39448452 -0.42886316
v -0.19660203 1.41694021 -0.46326726
v -0.20126207 1.49029827 -0.38450172
v -0.2939614 1.45918571 -0.34739765
v -0.30298766 1.50820446 -0.26552006
v -0.20856973 1.55164992 -0.30153298
v -0.37082317 1.36473512 -0.38092652
v -0.37769028 1.416556 -0.29949647
v -0.38747113 1.45071792 -0.22062593
v -0.39975407 1.47211551 -0.14247539
v -0.31185519 1.53886437 -0.1815283
v -0.45549753 1.36485123 -0.24638918
v -0.46813279 1.38458788 -0.17386925
v -0.48097789 1.39353787 -0.10230615
v -0.49306854 1.39426004 -0.03095499
v -0.41052082 1.48119044 -0.06455818
v -0.54745769 1.30789864 -0.1320801
v -0.56241422 1.30696106 -0.06851264
v -0.57537519 1.30139219 -0.00264619
v -0.58536839 1.29220402 0.06494966
v -0.50258177 1.38849544 0.04081887
v -0.64805769 1.21132755 -0.04658844
v -0.66141969 1.20276498 0.01609277
v -0.66933703 1.19115197 0.08188238
v -0.67167598 1.17755723 0.15020506
v -0.58918947 1.2783817 0.13412924
v -0.74875873 1.09606707 0.02417118
v -0.75459903 1.08522605 0.09183558
v -0.75389844 1.07246363 0.16171746
v -0.74697363 1.05834317 0.23241873
v -0.6674695 1.16227519 0.21977725
v -0.83619278 0.97538524 0.09704255
v -0.83317935 0.96352839 0.17116677
v -0.82358717 0.95045661 0.24519312
v -0.80459421 0.93568766 0.31760609
v -0.73295503 1.04350388 0.30242851
v -0.90347242 0.85117197 0.18097096
v -0.8917396 0.83781421 0.26045259
v -0.86809402 0.82178759 0.33682084
v -0.83372277 0.8051247 0.40705114
v -0.77808773 0.92173868 0.38706022
v -0.94434088 0.71859854 0.27881059
v -0.91336643 0.69938379 0.35966411
v -0.86903995 0.67947673 0.43085736
v -0.82978349 0.66380089 0.50246226
v -0.80335247 0.79372888 0.47780454
v -0.93044173 0.56889855 0.38184601
v -0.97102749 0.59093338 0.29866811
v -0.96844875 0.46059358 0.314058
v -0.99483549 0.61070352 0.21044841
v -1.0036633 0.48422095 0.2246418
v -1.00612914 0.62906712 0.11849867
v -1.02373111 0.50785028 0.13058096
v -1.00897729 0.64605772 0.02501162
v -1.03452181 0.52949571 0.03331939
v -1.001814 0.66103959 -0.0688252
v -1.03267538 0.54935199 -0.06688687
v -1.04301059 0.44027939 -0.06553131
v -1.01729178 0.56797981 -0.16937772
v -1.03371298 0.46362873 -0.17275372
v -1.02865421 0.36490422 -0.17504641
v -1.00801813 0.48937577 -0.28185197
v -1.00797414 0.39408832 -0.28632211
v -0.99520283 0.30284553 -0.28904902
v -0.97164285 0.42588701 -0.39822125
v -0.96217644 0.33422741 -0.39948716
v -0.9570415 0.24475511 -0.40350425
v -0.91500818 0.36720907 -0.50796496
v -0.90823215 0.27724817 -0.50987428
v -0.921229 0.19163222 -0.52323585
v -0.97690254 0.16107161 -0.41883349
v -0.94878292 0.11241092 -0.5461505
v -1.0077337 0.08210801 -0.44019064
v -0.97549021 0.03330051 -0.57156324
v -1.03605806 0.00218612 -0.46388167
v -0.99758589 -0.04657713 -0.59959322
v -1.06058442 -0.08087436 -0.48893946
v -0.89635008 0.06181537 -0.67314213
v -0.91495251 -0.016478 -0.70347952
v -0.92945557 -0.09432467 -0.7384783
v -0.8218953 0.00632111 -0.79393208
v -0.83511436 -0.07256273 -0.82979482
v -0.84429389 -0.15332399 -0.86954587
v -0.9381088 -0.17263795 -0.77779805
v -0.93920648 -0.25403288 -0.82125926
v -0.94407868 -0.33572027 -0.86727678
v -1.01382148 -0.36877435 -0.78175103
v -0.96556103 -0.40980774 -0.91770547
v -1.03149843 -0.43780556 -0.84069407
v -1.07273435 -0.4902378 -0.76780629
v -1.05848014 -0.42699381 -0.70164245
v -1.08873117 -0.56091988 -0.70481377
v -1.07528841 -0.50759995 -0.637223
v -1.08190703 -0.64331644 -0.65348023
v -1.06685411 -0.60010492 -0.58826673
v -1.06515371 -0.56115144 -0.51568096
v -1.07122874 -0.53214252 -0.4389134
v -1.03341543 -0.69377905 -0.55487895
v -1.02634608 -0.66450589 -0.48693543
v -1.02681303 -0.64242202 -0.41555786
v -1.03094732 -0.62802964 -0.34283334
v -0.96564221 -0.75846117 -0.47228884
v -0.95922446 -0.7405641 -0.40331256
v -0.9574607 -0.72794753 -0.33372166
v -0.95812326 -0.71906048 -0.2635281
v -0.87472724 -0.82320022 -0.40417504
v -0.86731296 -0.81202465 -0.33351585
v -0.86346739 -0.80259281 -0.26250511
v -0.86279237 -0.79568874 -0.19155442
v -0.76805913 -0.87982648 -0.34370407
v -0.76119089 -0.87059652 -0.26795694
v -0.75783282 -0.86207872 -0.19205766
v -0.75757837 -0.85500794 -0.11702599
v -0.65401828 -0.91427719 -0.28099468
v -0.65044957 -0.90797305 -0.19685924
v -0.64926803 -0.90097755 -0.11358619
v -0.54568636 -0.93296593 -0.20461614
v -0.54431772 -0.92944872 -0.11232256
v -0.44837304 -0.94476562 -0.21238152
v -0.44761541 -0.94325691 -0.11287906
v -0.35750144 -0.95029175 -0.21854947
v -0.3570804 -0.95144903 -0.11367977
v -0.45006477 -0.94527071 -0.31373447
v -0.3587135 -0.94678789 -0.32403177
v -0.45199915 -0.94472438 -0.41861745
v -0.36020967 -0.94162648 -0.43207874
v -0.54879295 -0.9366036 -0.29788765
v -0.55437547 -0.93964099 -0.39296075
v -0.66103172 -0.92038649 -0.36553865
v -0.67277413 -0.92548888 -0.4486196
v -0.77893078 -0.8879705 -0.41886559
v -0.79436492 -0.89659166 -0.49239459
v -0.6923244 -0.93343061 -0.52832251
v -0.8177731 -0.91042631 -0.56167823
v -0.72259712 -0.9446215 -0.60093963
v -0.85014599 -0.93435764 -0.62282759
v -0.76176667 -0.96902012 -0.66294693
v -0.67460095 -0.98635411 -0.72023916
v -0.80944597 -1.00179052 -0.71856993
v -0.73126351 -1.0198102 -0.77494293
v -0.6640827 -1.01937484 -0.84573829
v -0.59893333 -0.98563206 -0.79600256
v -0.61242502 -1.00423371 -0.92652261
v -0.54328995 -0.96826207 -0.8837707
v -0.57815718 -0.97597372 -1.01231491
v -0.50665628 -0.93747443 -0.97654759
v -0.43764245 -0.900913 -0.93997234
v -0.37029215 -0.86675715 -0.90649408
v -0.49005702 -0.89272517 -1.06864631
v -0.41943165 -0.8530029 -1.03653323
v -0.35305988 -0.81488943 -1.00741231
v -0.28814849 -0.7799794 -0.98387199
v -0.30228251 -0.83590084 -0.88103258
v -0.42225295 -0.78982901 -1.12051606
v -0.35787701 -0.74573344 -1.09376955
v -0.29413619 -0.70625835 -1.07284617
v -0.38804617 -0.66423261 -1.15740621
v -0.32052162 -0.62211018 -1.14118707
v -0.4395194 -0.57543307 -1.1847471
v -0.36436572 -0.53259223 -1.18146979
v -0.49965962 -0.4845092 -1.17845141
v -0.41952818 -0.44049233 -1.19459748
v -0.4714573 -0.34604814 -1.17361772
v -0.50665199 -0.2572973 -1.13422453
v -0.521999 -0.17763781 -1.09348392
v -0.64182823 -0.12222564 -1.00460362
v -0.52412867 -0.10089903 -1.05541002
v -0.6322385 -0.03985758 -0.96794807
v -0.51755493 -0.0220154 -1.02209973
v -0.62038993 0.04166493 -0.93661248
v -0.50849252 0.0583837 -0.9934563
v -0.60764175 0.12373103 -0.9084506
v -0.49943292 0.14061354 -0.9693048
v -0.59510421 0.20586638 -0.88215941
v -0.49096569 0.22396971 -0.94706106
v -0.58997279 0.29206851 -0.86695349
v -0.48883226 0.31054228 -0.93587577
v -0.59978067 0.38205 -0.87162226
v -0.49671918 0.39989402 -0.94101417
v -0.60433918 0.47429558 -0.86909943
v -0.49966785 0.49169132 -0.93684333
v -0.60008823 0.56820011 -0.85360187
v -0.49451568 0.58456456 -0.91770839
v -0.58795005 0.6611489 -0.82564777
v -0.48348546 0.6761918 -0.88682633
v -0.57024973 0.75257325 -0.78723412
v -0.46812701 0.76643389 -0.84573328
v -0.54795771 0.84214365 -0.73950415
v -0.4493961 0.85515952 -0.79578018
v -0.52350574 0.93065279 -0.68528127
v -0.42931988 0.94384014 -0.74018067
v -0.49808162 1.01877033 -0.62399238
v -0.40955537 1.03335964 -0.67879021
v -0.47494366 1.10714507 -0.55692982
v -0.3910633 1.1229279 -0.61134934
v -0.45646688 1.19319176 -0.48479542
v -0.37725505 1.21177852 -0.53929466
v -0.44558307 1.26985251 -0.40596324
v -0.36982029 1.29401314 -0.46196869
v -0.44636064 1.33003366 -0.32273393
v -0.51147764 1.2467364 -0.33971253
v -0.51811087 1.2860881 -0.26195073
v -0.5322926 1.30208683 -0.19508396
v -0.5945118 1.22281324 -0.2113638
v -0.61319416 1.22192406 -0.15873505
v -0.63167184 1.21785104 -0.1048628
v -0.70435118 1.11634218 -0.15636634
v -0.72205764 1.11138391 -0.10057428
v -0.73765724 1.10495173 -0.04048728
v -0.80830699 0.99743109 -0.11640998
v -0.82317465 0.99290335 -0.04704714
v -0.83251577 0.98521065 0.0241822
v -0.89659094 0.88215619 -0.05829462
v -0.90567779 0.87388324 0.0211836
v -0.90801185 0.86335653 0.10098366
v -0.96498447 0.76162755 0.02011499
v -0.96593469 0.74863284 0.10723267
v -0.95948189 0.73437404 0.1937931
v -0.95596188 0.77248323 -0.06686093
v -0.8803572 0.8872165 -0.1376162
v -0.93845892 0.78069835 -0.1548824
v -0.98491358 0.67424666 -0.1643739
v -0.91146737 0.78813183 -0.24480199
v -0.95625168 0.68779701 -0.26301309
v -0.98923057 0.58774101 -0.27407276
v -0.91287469 0.70929247 -0.36017581
v -0.94582188 0.61432904 -0.379359
v -0.96698218 0.51959264 -0.3920218
v -0.88887864 0.64859247 -0.4777686
v -0.91214484 0.55417877 -0.4966709
v -0.9205814 0.45960143 -0.50608694
v -0.8463462 0.58761185 -0.59221184
v -0.8580113 0.49273759 -0.60730546
v -0.85505431 0.39923423 -0.6112138
v -0.78259789 0.5222975 -0.69877982
v -0.78277659 0.42795631 -0.70633554
v -0.77404028 0.33656564 -0.70569157
v -0.84641486 0.30859491 -0.61105847
v -0.77256691 0.24787113 -0.71164864
v -0.85204255 0.22118827 -0.62152749
v -0.78676462 0.16484972 -0.73340261
v -0.87333655 0.14068666 -0.64524108
v -0.80562329 0.0853763 -0.7625457
v -0.6934973 0.18629741 -0.81139588
v -0.70909035 0.10552668 -0.84004122
v -0.72390943 0.0246433 -0.8706175
v -0.7372446 -0.05623842 -0.90519225
v -0.74727934 -0.13939735 -0.94368946
v -0.68520569 0.27155071 -0.79308998
v -0.69197976 0.3613536 -0.79262155
v -0.69885748 0.45310407 -0.79227298
v -0.69600302 0.54770112 -0.78025192
v -0.7693119 0.61700338 -0.67785149
v -0.68331182 0.64160591 -0.75552004
v -0.74714338 0.7105332 -0.64590662
v -0.66358965 0.73434829 -0.72005814
v -0.71803402 0.8019728 -0.60358679
v -0.63781058 0.82475501 -0.67457079
v -0.68508553 0.89147341 -0.55323129
v -0.608316 0.91303336 -0.62151742
v -0.65046024 0.98075807 -0.49458459
v -0.57876455 1.00137674 -0.56139022
v -0.61619585 1.07196414 -0.42632961
v -0.55031192 1.08965015 -0.49416807
v -0.52512824 1.17457509 -0.41995018
v -0.7136076 0.95756018 -0.42824637
v -0.77141857 0.93059307 -0.36387184
v -0.75334018 0.86546182 -0.48295667
v -0.8160752 0.83546942 -0.41104015
v -0.8707444 0.80530113 -0.33208641
v -0.82110571 0.90376764 -0.29452803
v -0.7899881 0.77443391 -0.52853578
v -0.85604721 0.7425841 -0.44893622
v -0.82240629 0.68221706 -0.5658735
v -0.85679978 0.89094209 -0.21863386
v -0.78905963 0.9999693 -0.18517202
v -0.76149278 1.00872969 -0.24668765
v -0.68424367 1.12307798 -0.20231868
v -0.50737983 -0.62304246 -1.20039129
v -0.57303357 -0.53262352 -1.18421781
v -0.57564431 -0.67249083 -1.22057354
v -0.63970661 -0.58335119 -1.20078909
v -0.64826679 -0.7181251 -1.24084925
v -0.70745843 -0.63274788 -1.22313118
v -0.77584594 -0.55743688 -1.1773864
v -0.77869904 -0.68253105 -1.24736189
v -0.84195292 -0.61357903 -1.20940375
v -0.91206151 -0.56362462 -1.15508961
v -0.85182184 -0.50372791 -1.11257922
v -0.98387879 -0.53675407 -1.0934143
v -0.93006324 -0.47539168 -1.04364836
v -1.05229258 -0.53531706 -1.02630019
v -1.00494277 -0.47415629 -0.97188001
v -1.10751509 -0.55987155 -0.95526754
v -1.06546282 -0.49975121 -0.89933437
v -1.14262914 -0.60429084 -0.8836233
v -1.1031059 -0.54835569 -0.82857102
v -1.15509986 -0.66472941 -0.81800323
v -1.11730015 -0.61325079 -0.76488155
v -1.14760172 -0.73585838 -0.76300525
v -1.11079669 -0.68891656 -0.71129852
v -1.11983764 -0.81272095 -0.72372299
v -1.08287787 -0.77010726 -0.67256462
v -1.0529325 -0.7297036 -0.6164785
v -1.03343129 -0.8485313 -0.65387165
v -1.00179517 -0.81245499 -0.59780675
v -0.97855758 -0.78173279 -0.53779655
v -0.93216532 -0.88218277 -0.60042864
v -0.90497136 -0.85576504 -0.53986537
v -0.88699042 -0.83757156 -0.47319999
v -0.96734571 -0.91549015 -0.65620321
v -0.89048874 -0.9669364 -0.67865222
v -1.00779056 -0.95150256 -0.71033674
v -0.93614029 -1.00176453 -0.73254466
v -0.86159807 -1.03619694 -0.77156347
v -0.98723232 -1.04176127 -0.78122973
v -0.91792219 -1.0750513 -0.8209083
v -0.8531593 -1.09272706 -0.87381488
v -0.79075193 -1.05478262 -0.82582193
v -0.79698634 -1.09465265 -0.93719196
v -0.73062086 -1.05520069 -0.89277547
v -0.75217813 -1.08244681 -1.00746774
v -0.68337929 -1.0423032 -0.9674642
v -0.72208535 -1.05541133 -1.08181178
v -0.65134441 -1.01587927 -1.04675364
v -0.70931738 -1.01269996 -1.15534579
v -0.63932222 -0.97405839 -1.12492954
v -0.5644325 -0.9339239 -1.09757816
v -0.6482349 -0.91591155 -1.19364917
v -0.57320219 -0.8767364 -1.17091774
v -0.49668979 -0.83331221 -1.14621007
v -0.60127323 -0.80353188 -1.22307479
v -0.52536952 -0.75963676 -1.20080852
v -0.45298847 -0.710801 -1.17945599
v -0.67542922 -0.842974 -1.24327039
v -0.72152519 -0.76156979 -1.26078617
v -0.74332064 -0.8828563 -1.26872336
v -0.78991913 -0.80558383 -1.28687536
v -0.84804201 -0.73214906 -1.27604258
v -0.85369652 -0.85155516 -1.31747221
v -0.91319268 -0.78493022 -1.30885577
v -0.97704333 -0.72957241 -1.28057479
v -0.91082572 -0.6708222 -1.24345231
v -1.04213142 -0.68669062 -1.23922753
v -0.97687262 -0.62478482 -1.19788909
v -1.10578608 -0.66217386 -1.18624877
v -1.04325199 -0.5994715 -1.14105653
v -1.16325831 -0.65841001 -1.12297856
v -1.10536479 -0.59718102 -1.07666397
v -1.21068489 -0.6751635 -1.05207943
v -1.1573075 -0.61720335 -1.00543427
v -1.24076545 -0.71335142 -0.9795323
v -1.19015073 -0.65829187 -0.93248122
v -1.25029206 -0.76745528 -0.91300988
v -1.20211017 -0.71494644 -0.86509007
v -1.24029135 -0.832035 -0.85764402
v -1.19384849 -0.78310364 -0.80916059
v -1.21075177 -0.90296071 -0.81941372
v -1.16438829 -0.85751295 -0.77091741
v -1.16361975 -0.9725486 -0.80377018
v -1.11630165 -0.92995095 -0.75421708
v -1.07119572 -0.88755893 -0.70615363
v -1.05537772 -0.99270731 -0.75837099
v -1.10549521 -1.03247749 -0.80955857
v -1.0418514 -1.07997787 -0.83224403
v -1.15890109 -1.07205855 -0.86006844
v -1.09811079 -1.11870014 -0.88214916
v -1.03578257 -1.15093994 -0.91861242
v -0.97720646 -1.1134566 -0.86954093
v -0.97622954 -1.16728878 -0.9677782
v -0.91577041 -1.13129913 -0.92046701
v -0.92367154 -1.1683309 -1.02566528
v -0.86260688 -1.13272976 -0.98142164
v -0.87990623 -1.15464282 -1.08923602
v -0.81941473 -1.11983215 -1.04836165
v -0.84812867 -1.12696015 -1.15640604
v -0.78826832 -1.09261834 -1.11860358
v -0.83233642 -1.08646595 -1.22407054
v -0.77338594 -1.05074477 -1.18944287
v -0.83807015 -1.03153073 -1.285977
v -0.77959698 -0.99329328 -1.25238847
v -0.71570879 -0.95464766 -1.22149729
v -0.80657571 -0.92445039 -1.29821896
v -0.86721354 -0.96679616 -1.33020246
v -0.91534775 -0.90010368 -1.35060262
v -0.92530763 -1.0117073 -1.36172652
v -0.97526079 -0.95135456 -1.38413858
v -1.03687119 -0.89590925 -1.38207018
v -0.9755361 -0.83926981 -1.3448745
v -1.10363745 -0.84758657 -1.36139082
v -1.04049646 -0.78780859 -1.32021522
v -1.17163026 -0.81191247 -1.32556939
v -1.10655129 -0.74817478 -1.28142833
v -1.23619902 -0.79055702 -1.27791583
v -1.17028796 -0.7240628 -1.23117256
v -1.29301345 -0.7846592 -1.21898615
v -1.22625911 -0.71942597 -1.16920316
v -1.33339762 -0.79925376 -1.14910972
v -1.26869297 -0.73502266 -1.099303
v -1.35457301 -0.83062517 -1.07675445
v -1.29514372 -0.76950645 -1.02756869
v -1.35777807 -0.87592709 -1.01008939
v -1.30255305 -0.81973028 -0.96060031
v -1.34332859 -0.93191295 -0.95552963
v -1.29068958 -0.88108438 -0.90564292
v -1.3121134 -0.99457216 -0.91855514
v -1.25996029 -0.94868391 -0.86893785
v -1.26583635 -1.05590581 -0.90535503
v -1.21446466 -1.01440084 -0.85442423
v -1.20908677 -1.10969972 -0.91198951
v -1.30539131 -1.09830284 -0.95511835
v -1.24561834 -1.14443707 -0.95857352
v -1.18255877 -1.17962443 -0.97594475
v -1.14926743 -1.15362346 -0.93245053
v -1.11871218 -1.20406687 -1.00369274
v -1.08713054 -1.18319332 -0.96827554
v -1.05892264 -1.21441018 -1.04355704
v -1.02819979 -1.19729495 -1.01401257
v -1.00808191 -1.21398937 -1.09421205
v -0.97696024 -1.19744563 -1.06858396
v -0.96842336 -1.20457708 -1.15249657
v -0.93468231 -1.18489515 -1.12851142
v -0.94218683 -1.18503117 -1.21492385
v -0.90227657 -1.158432 -1.19119274
v -0.93063235 -1.15396785 -1.2790271
v -0.88670843 -1.12016773 -1.25528585
v -0.94146215 -1.11088049 -1.33898341
v -0.8947516 -1.06946742 -1.31483995
v -0.97661858 -1.05991065 -1.38811063
v -0.97531282 -1.15194618 -1.356691
v -1.01516449 -1.11283934 -1.40877902
v -1.07481598 -1.07223296 -1.44260764
v -1.0302906 -1.00829982 -1.41651415
v -1.14545249 -1.03128659 -1.45058381
v -1.09581816 -0.95884627 -1.41799426
v -1.21869552 -0.99844265 -1.44173097
v -1.16528523 -0.91524124 -1.40280592
v -1.2921648 -0.97323399 -1.41718208
v -1.23545122 -0.88440424 -1.37250363
v -1.35817527 -0.96164155 -1.37132298
v -1.30044245 -0.86765366 -1.32633876
v -1.41091299 -0.96220696 -1.31010341
v -1.35513973 -0.86506515 -1.26679134
v -1.44812643 -0.97304141 -1.24072587
v -1.39459908 -0.8771981 -1.19775986
v -1.46452856 -0.9945057 -1.16868841
v -1.41352987 -0.90417724 -1.12568926
v -1.46153938 -1.02312696 -1.10210835
v -1.41360127 -0.94182109 -1.0591824
v -1.43597877 -1.05985856 -1.04656267
v -1.39468324 -0.99088937 -1.00417459
v -1.391276 -1.10439395 -1.00989794
v -1.3565073 -1.04577887 -0.96903753
v -1.33301937 -1.1449418 -0.99281138
v -1.41249871 -1.1696558 -1.03456151
v -1.35100233 -1.19501268 -1.01344084
v -1.28382051 -1.21551227 -1.00924348
v -1.26942181 -1.1794101 -0.99103349
v -1.21611678 -1.23017811 -1.01937246
v -1.2033509 -1.2041881 -1.00276887
v -1.14991319 -1.24160623 -1.04207003
v -1.13731706 -1.21979069 -1.02695977
v -1.09229803 -1.24748039 -1.07885217
v -1.07796537 -1.22825884 -1.06353473
v -1.04428935 -1.24696838 -1.12498259
v -1.02897548 -1.22757923 -1.11135518
v -1.00880503 -1.24091732 -1.17979919
v -0.99183505 -1.22036612 -1.16818523
v -0.9859271 -1.23093819 -1.24031853
v -0.9684503 -1.20647883 -1.2297213
v -0.97981137 -1.21659886 -1.30426406
v -0.96071028 -1.18529641 -1.29445123
v -0.99777305 -1.19658267 -1.36803185
v -0.98672628 -1.25562894 -1.31077969
v -1.00718867 -1.24605 -1.37413907
v -1.05245494 -1.23291313 -1.4298973
v -1.04212272 -1.17123115 -1.42219305
v -1.11556804 -1.22167956 -1.46803951
v -1.10576748 -1.14267098 -1.46161973
v -1.1910423 -1.21327126 -1.4848262
v -1.17952764 -1.11777782 -1.47447073
v -1.26899087 -1.20342397 -1.48087155
v -1.25513017 -1.09704244 -1.4693551
v -1.34609448 -1.19681251 -1.46016776
v -1.33192503 -1.08068931 -1.44752633
v -1.41513919 -1.1951822 -1.41573548
v -1.3974148 -1.07472455 -1.40093004
v -1.46782445 -1.19797897 -1.35503304
v -1.4495666 -1.0763936 -1.34035706
v -1.50291824 -1.20453524 -1.28431248
v -1.48580026 -1.08470809 -1.27126264
v -1.5156573 -1.21349477 -1.21169281
v -1.49965286 -1.10037446 -1.1991347
v -1.5066061 -1.22265791 -1.1434462
v -1.49289548 -1.11943173 -1.1318748
v -1.47489154 -1.22984373 -1.08571481
v -1.46322846 -1.14315855 -1.07583487
v -1.42296826 -1.23984134 -1.04406738
v -1.46764719 -1.32120096 -1.08537578
v -1.42193257 -1.31449055 -1.04324841
v -1.35495448 -1.30659437 -1.01984715
v -1.35933733 -1.24822938 -1.02201426
v -1.2883991 -1.29872882 -1.01497054
v -1.29029643 -1.25574028 -1.01614344
v -1.22093272 -1.29686749 -1.02361583
v -1.2220186 -1.26267039 -1.02568519
v -1.15408039 -1.29939901 -1.04463136
v -1.1559019 -1.26904308 -1.04803669
v -1.09421086 -1.30212914 -1.07981693
v -1.09771335 -1.27397918 -1.08408713
v -1.04553222 -1.30281567 -1.12738776
v -1.05014014 -1.27368271 -1.13074028
v -1.00910902 -1.30209028 -1.18392825
v -1.01401293 -1.26881599 -1.1851753
v -0.98557579 -1.30193269 -1.24511921
v -0.99130064 -1.26255035 -1.24580407
v -0.9806177 -1.30428528 -1.31269478
v -0.97217565 -1.35220348 -1.23847746
v -0.9683547 -1.36326801 -1.30566036
v -0.99160367 -1.37388873 -1.36927068
v -1.00182724 -1.30539476 -1.37818229
v -1.03404092 -1.38276314 -1.42022454
v -1.04605102 -1.30556285 -1.4320383
v -1.09212029 -1.39040219 -1.4562
v -1.1079626 -1.30458104 -1.46636366
v -1.16274583 -1.3956201 -1.46648478
v -1.1825068 -1.30545985 -1.48030376
v -1.23959469 -1.40155613 -1.46064531
v -1.26106655 -1.30760073 -1.47507882
v -1.3157612 -1.40938139 -1.4392004
v -1.33872187 -1.30840587 -1.45455861
v -1.38453567 -1.41772556 -1.39994335
v -1.40833222 -1.31194734 -1.4127593
v -1.43708515 -1.42500865 -1.34240114
v -1.46158778 -1.31689405 -1.35381221
v -1.46923649 -1.42944634 -1.2723006
v -1.49637973 -1.32216286 -1.28341209
v -1.47702288 -1.42871761 -1.2000513
v -1.50743198 -1.32584559 -1.2106831
v -1.46576333 -1.42275726 -1.13373208
v -1.49661278 -1.32569658 -1.14324867
v -1.43879663 -1.40897333 -1.07695519
v -1.42289805 -1.50716877 -1.11911284
v -1.39691364 -1.48741686 -1.06226074
v -1.358554 -1.46339511 -1.01916301
v -1.39777529 -1.38772368 -1.03483903
v -1.30971968 -1.43854701 -0.9940952
v -1.3405838 -1.36796987 -1.0109173
v -1.25113165 -1.41460788 -0.9853124
v -1.27647256 -1.35234201 -1.00444114
v -1.18863952 -1.39758086 -0.99436509
v -1.21085345 -1.33794474 -1.01362073
v -1.12673854 -1.3883965 -1.01625943
v -1.14603054 -1.3323704 -1.03557348
v -1.06717991 -1.38764345 -1.05179047
v -1.08554875 -1.33197307 -1.07079339
v -1.01663684 -1.39304471 -1.10060465
v -1.03477132 -1.33614718 -1.11847686
v -0.97847968 -1.40268409 -1.15835511
v -0.99612939 -1.34260332 -1.17502391
v -0.95768702 -1.41520834 -1.22123265
v -0.95865589 -1.47846865 -1.13451445
v -0.94050985 -1.48963022 -1.19770181
v -0.94125771 -1.50318157 -1.26128792
v -0.95858758 -1.4304279 -1.28605437
v -0.96211475 -1.51985943 -1.31930112
v -0.98012733 -1.44702339 -1.34602057
v -0.99990451 -1.53742575 -1.36763274
v -1.01949691 -1.46190178 -1.39561855
v -1.05248487 -1.5533241 -1.4023894
v -1.07372093 -1.47315716 -1.43220531
v -1.11492323 -1.56550037 -1.41864931
v -1.14055514 -1.48173856 -1.44749665
v -1.18207979 -1.57529604 -1.41706669
v -1.21286106 -1.48965907 -1.44236064
v -1.24888765 -1.58513176 -1.39768016
v -1.28443896 -1.49994838 -1.42121589
v -1.30890262 -1.59569323 -1.35931229
v -1.34986376 -1.51237022 -1.38236403
v -1.35468804 -1.60341048 -1.30318152
v -1.39908254 -1.5210638 -1.32503974
v -1.38201081 -1.60338866 -1.23653113
v -1.42750585 -1.52382779 -1.2558192
v -1.388116 -1.59564209 -1.16639745
v -1.43397724 -1.51939106 -1.18477094
v -1.37682783 -1.58050525 -1.10151147
v -1.34593212 -1.66223084 -1.14553332
v -1.3343563 -1.64721143 -1.0820651
v -1.31058013 -1.62836122 -1.02795708
v -1.35181498 -1.55975759 -1.04576528
v -1.27559864 -1.60742688 -0.98450833
v -1.31586659 -1.53504848 -1.00190031
v -1.23134625 -1.58697223 -0.95482176
v -1.26912498 -1.50923073 -0.97472941
v -1.18004071 -1.56928265 -0.94133472
v -1.21559405 -1.48689889 -0.96411657
v -1.12556982 -1.55753815 -0.94465166
v -1.15806496 -1.47091579 -0.97019755
v -1.07045924 -1.55318701 -0.96382921
v -1.09942138 -1.4629091 -0.99023205
v -1.01782155 -1.55498457 -1.00045454
v -1.04384005 -1.46343267 -1.02664339
v -0.97004872 -1.5597682 -1.05151689
v -0.99579191 -1.47005236 -1.0767591
v -0.93207657 -1.56471979 -1.11079788
v -0.94479739 -1.66072166 -1.02924263
v -0.90561407 -1.66578209 -1.08842015
v -0.88212955 -1.67191243 -1.15065622
v -0.91025686 -1.57146215 -1.17426443
v -0.88272184 -1.68148505 -1.21206557
v -0.91138517 -1.58301556 -1.23785233
v -0.90396583 -1.69269859 -1.26606762
v -0.93156462 -1.59867322 -1.29528379
v -0.94262641 -1.70381557 -1.30913162
v -0.97140449 -1.61634481 -1.33925545
v -0.99402529 -1.7156229 -1.33916509
v -1.0228523 -1.63290202 -1.37084412
v -1.05483329 -1.72485828 -1.35369265
v -1.08368933 -1.64594829 -1.3864609
v -1.11928463 -1.73060131 -1.3548038
v -1.14869582 -1.65513622 -1.38579177
v -1.18275284 -1.73389661 -1.34111845
v -1.21327328 -1.66339457 -1.3694787
v -1.23901212 -1.73634827 -1.30763018
v -1.27106726 -1.67011952 -1.33354389
v -1.28096628 -1.73652052 -1.25604426
v -1.31516611 -1.67345535 -1.27946329
v -1.30444145 -1.73232102 -1.19277942
v -1.34079873 -1.67146563 -1.21387743
v -1.30813467 -1.72352254 -1.12702667
v -1.27729606 -1.78916275 -1.17707431
v -1.28100609 -1.78434312 -1.11433422
v -1.27192878 -1.77781784 -1.05520987
v -1.29756248 -1.7124176 -1.06536746
v -1.25355601 -1.77132999 -1.00318908
v -1.27502811 -1.69862127 -1.01151669
v -1.22373735 -1.76495635 -0.95855444
v -1.24234449 -1.68355274 -0.96854466
v -1.18324387 -1.75994122 -0.9263128
v -1.20010387 -1.67024529 -0.93749284
v -1.13658428 -1.75732088 -0.90984034
v -1.15064573 -1.66015088 -0.92223
v -1.08608782 -1.75932061 -0.91195339
v -1.09794545 -1.65478873 -0.9232766
v -1.03637039 -1.76257634 -0.92985856
v -1.04531097 -1.65337026 -0.94204688
v -0.98660773 -1.76798534 -0.96412158
v -0.99296486 -1.65571212 -0.97769075
v -0.9382283 -1.77502489 -1.01229322
v -1.0110619 -1.88478267 -0.96735626
v -0.96928125 -1.89477109 -1.01407539
v -0.9329161 -1.90566206 -1.06707811
v -0.89931547 -1.78274703 -1.07004094
v -0.91005194 -1.91419076 -1.12211501
v -0.87502068 -1.78996443 -1.12960314
v -0.9064207 -1.91685473 -1.17539191
v -0.87159425 -1.79619836 -1.1889435
v -0.92105329 -1.91343307 -1.22422289
v -0.89258414 -1.80108094 -1.2411257
v -0.9529711 -1.90527129 -1.26462769
v -0.93271756 -1.80364036 -1.28236711
v -0.9976719 -1.89407217 -1.29220295
v -0.98213207 -1.80407226 -1.31123065
v -1.05206918 -1.88261759 -1.30766737
v -1.04154217 -1.80288422 -1.32674443
v -1.10911417 -1.8712666 -1.30970025
v -1.10461831 -1.8013916 -1.32885146
v -1.16507113 -1.8622117 -1.30046856
v -1.16703975 -1.80012226 -1.31717181
v -1.21423447 -1.85533344 -1.27087342
v -1.21924054 -1.79642176 -1.2858088
v -1.24685931 -1.84964311 -1.22458457
v -1.25702583 -1.79310667 -1.2366383
v -1.26372849 -1.84658396 -1.16852891
v -1.2551825 -1.90431571 -1.22194993
v -1.269593 -1.90430939 -1.16826784
v -1.27329731 -1.90791857 -1.11309981
v -1.26636159 -1.8456068 -1.10984647
v -1.26965677 -1.91359508 -1.06126117
v -1.26122868 -1.8466165 -1.05394232
v -1.2587043 -1.92103207 -1.01348519
v -1.2469244 -1.84750258 -1.00391912
v -1.24013125 -1.93141007 -0.97373116
v -1.22231304 -1.84854078 -0.96087062
v -1.21055078 -1.94567441 -0.94511479
v -1.18595826 -1.85260903 -0.92809951
v -1.1738404 -1.96101355 -0.93068921
v -1.14310312 -1.86023902 -0.91326516
v -1.13503587 -1.97483253 -0.93387907
v -1.09893024 -1.8681879 -0.9161933
v -1.0977261 -1.98614919 -0.95189702
v -1.05447697 -1.87604606 -0.93433034
v -1.06226193 -1.99582004 -0.98349666
v -1.15884017 -2.08993792 -0.97684222
v -1.12554621 -2.10273146 -1.00634586
v -1.09359431 -2.11369133 -1.04640889
v -1.02688086 -2.00654959 -1.02753222
v -1.06584322 -2.12190294 -1.09569275
v -0.99663919 -2.0168395 -1.07877612
v -1.04574358 -2.12611675 -1.14409637
v -0.97595918 -2.02411222 -1.12816739
v -1.03542447 -2.12409186 -1.19077777
v -0.96829408 -2.02506661 -1.17717182
v -1.0400865 -2.11166358 -1.23472201
v -0.9780243 -2.01645731 -1.223055
v -1.06071889 -2.0893929 -1.26974928
v -1.00136888 -2.00128006 -1.2597922
v -1.08968114 -2.06308007 -1.29591107
v -1.0363276 -1.98190724 -1.28732085
v -1.12625813 -2.0327754 -1.31255781
v -1.08188545 -1.96096098 -1.30385112
v -1.16901767 -2.00330328 -1.31685149
v -1.13176178 -1.94068336 -1.30798292
v -1.21331536 -1.97741043 -1.30537593
v -1.18165576 -1.92359161 -1.2959783
v -1.25145292 -1.96043574 -1.27314031
v -1.22423458 -1.91074764 -1.26624405
v -1.27898812 -1.95364522 -1.22790324
v -1.29044663 -1.99831426 -1.28841972
v -1.31724536 -1.99191713 -1.24277913
v -1.33638513 -1.99553763 -1.19145596
v -1.29488563 -1.9557209 -1.17581045
v -1.34776973 -2.00620055 -1.14007926
v -1.30191946 -1.96310544 -1.122985
v -1.35209691 -2.02207064 -1.0927124
v -1.30129849 -1.97477984 -1.07434248
v -1.34996926 -2.04082655 -1.05135726
v -1.29378128 -1.98903822 -1.03014385
v -1.34134709 -2.06530833 -1.01721835
v -1.27998328 -2.00634241 -0.99394762
v -1.32401299 -2.09503126 -0.99318945
v -1.25670099 -2.02867889 -0.96710765
v -1.29880738 -2.12558174 -0.98241388
v -1.22629618 -2.05218148 -0.95514482
v -1.2685616 -2.15275025 -0.98909491
v -1.19287657 -2.07343721 -0.95900297
v -1.23636257 -2.17597127 -1.00923621
v -1.35603511 -2.20984864 -1.02483165
v -1.32763958 -2.23718166 -1.0453124
v -1.29809069 -2.25721454 -1.07592999
v -1.20560133 -2.19327664 -1.03794312
v -1.2668643 -2.27031326 -1.11667859
v -1.1743617 -2.20634746 -1.07667744
v -1.23738265 -2.27887845 -1.16238927
v -1.14473438 -2.21592235 -1.12276732
v -1.2145555 -2.28007674 -1.20907473
v -1.12176108 -2.21964049 -1.17013263
v -1.19943189 -2.27243471 -1.25320744
v -1.10931026 -2.21398758 -1.21676182
v -1.19555652 -2.24781322 -1.29363274
v -1.11072468 -2.19474792 -1.25939989
v -1.20356178 -2.21144723 -1.32333755
v -1.12768507 -2.16413831 -1.29204678
v -1.21834027 -2.17012238 -1.34649682
v -1.15172517 -2.12788105 -1.31679523
v -1.24197542 -2.12751054 -1.35953426
v -1.18113756 -2.09050917 -1.33214891
v -1.27201914 -2.08698463 -1.35814774
v -1.21711111 -2.05191469 -1.33428597
v -1.30560398 -2.05337595 -1.33997511
v -1.25526571 -2.02119088 -1.31896996
v -1.33797454 -2.02811002 -1.30896461
v -1.3605411 -2.07393384 -1.36848449
v -1.39059996 -2.0482285 -1.33480024
v -1.41786766 -2.03563618 -1.29109358
v -1.36542713 -2.01818609 -1.26473331
v -1.44108486 -2.03835511 -1.24136102
v -1.38710439 -2.02129268 -1.2142657
v -1.46070063 -2.05198836 -1.19247114
v -1.40373492 -2.03361368 -1.16307556
v -1.47669661 -2.07273244 -1.14988362
v -1.4144293 -2.05230236 -1.11685442
v -1.48663568 -2.10157251 -1.11469554
v -1.41851365 -2.0758121 -1.07636857
v -1.48945248 -2.13631033 -1.08670926
v -1.41420817 -2.1062026 -1.04528784
v -1.48354101 -2.17392897 -1.06766092
v -1.40230906 -2.14123463 -1.0240395
v -1.46960103 -2.21369886 -1.05938637
v -1.38242816 -2.17811942 -1.015962
v -1.44648408 -2.24870991 -1.06847059
v -1.54420673 -2.2301867 -1.12349689
v -1.5255047 -2.26649594 -1.12948405
v -1.49898409 -2.29221224 -1.14857351
v -1.41886234 -2.27552247 -1.09033525
v -1.46839809 -2.30554485 -1.1759212
v -1.38940668 -2.29342556 -1.12166726
v -1.43633568 -2.3106668 -1.21240234
v -1.35800075 -2.30320024 -1.16346502
v -1.40861499 -2.31333947 -1.25438296
v -1.32944047 -2.30817842 -1.20906996
v -1.38674664 -2.31356239 -1.29920077
v -1.30659079 -2.30884552 -1.25489139
v -1.36802387 -2.3083477 -1.34302771
v -1.28909277 -2.30011153 -1.29791247
v -1.35559642 -2.28515815 -1.37753355
v -1.27930402 -2.27459502 -1.33457648
v -1.35157489 -2.25046014 -1.40464925
v -1.27789759 -2.23816919 -1.36278975
v -1.35869538 -2.20982766 -1.41882371
v -1.2865132 -2.19670128 -1.38326573
v -1.37356686 -2.1662364 -1.42409575
v -1.30592799 -2.15241622 -1.39158201
v -1.39444446 -2.12538218 -1.41774499
v -1.33069288 -2.10984349 -1.38827431
v -1.42037522 -2.09073543 -1.39596247
v -1.46100068 -2.14410305 -1.4388318
v -1.48331487 -2.11200451 -1.42122137
v -1.50911414 -2.08722209 -1.39049994
v -1.44786107 -2.06382632 -1.36362135
v -1.53479659 -2.07593226 -1.35048961
v -1.47429513 -2.05106425 -1.32125771
v -1.55729925 -2.07847166 -1.30662369
v -1.49715793 -2.05413866 -1.27460241
v -1.58241748 -2.11177992 -1.36613106
v -1.59982836 -2.11198163 -1.32210147
v -1.61288523 -2.15029692 -1.37037062
v -1.62554562 -2.1469326 -1.32704663
v -1.62730944 -2.15289378 -1.27651977
v -1.63759458 -2.18883895 -1.27132356
v -1.60747098 -2.19539475 -1.20221149
v -1.60422396 -2.16042876 -1.21414446
v -1.55280005 -2.1531949 -1.14482069
v -1.55306673 -2.19066095 -1.12948381
v -1.60164487 -2.23341751 -1.19731307
v -1.63508999 -2.22741103 -1.2692877
v -1.62337291 -2.26295304 -1.2728635
v -1.58649289 -2.26903796 -1.20101749
v -1.60301399 -2.29142475 -1.28234934
v -1.56175553 -2.29600143 -1.21345984
v -1.57515394 -2.30534887 -1.29732263
v -1.5315715 -2.30652856 -1.23412001
v -1.61886227 -2.2772479 -1.34093093
v -1.59162855 -2.29931426 -1.35241007
v -1.61441838 -2.25382733 -1.3851031
v -1.58979809 -2.27661919 -1.39466834
v -1.55497741 -2.29343199 -1.39865064
v -1.5771377 -2.24564433 -1.42592847
v -1.54729151 -2.26579499 -1.42903399
v -1.50153625 -2.28104877 -1.42605996
v -1.50743174 -2.30225539 -1.39389801
v -1.43066573 -2.28751134 -1.40949738
v -1.44023156 -2.30480313 -1.37569892
v -1.55714798 -2.21110129 -1.44238066
v -1.52189898 -2.17420887 -1.44978976
v -1.59926271 -2.2221167 -1.41394507
v -1.57823014 -2.18490982 -1.43126535
v -1.54036402 -2.14517951 -1.43495464
v -1.59579074 -2.1635282 -1.40598583
v -1.56170797 -2.12330865 -1.40562045
v -0.77616006 0.78519427 0.55081731
v -0.73400527 0.90565919 0.53073018
v -0.75588262 0.91352337 0.45829984
v -0.79150158 0.65233027 0.57449275
v -0.74255174 0.64082473 0.63974958
v -0.73764407 0.77253615 0.61717575
v -0.6837359 0.75804489 0.67274993
v -0.65612351 0.86996001 0.6508376
v -0.70250195 0.89107585 0.59618848
v -0.60703933 0.96780425 0.63438689
v -0.64688247 0.99410736 0.58125382
v -0.67543888 1.01190793 0.51590412
v -0.58242076 1.08722066 0.56799775
v -0.60896754 1.10844516 0.50303328
v -0.6273958 1.12177217 0.43196731
v -0.69497138 1.02202856 0.44467705
v -0.64232319 1.1329739 0.35996028
v -0.71301454 1.03078162 0.37243491
v -0.65717291 1.14673924 0.28947329
v -0.56822043 1.22977924 0.34537351
v -0.58004975 1.2457571 0.27449265
v -0.58762031 1.26245415 0.20414969
v -0.50199025 1.34247779 0.25654563
v -0.50763738 1.36080861 0.18477326
v -0.50761085 1.37671017 0.11285265
v -0.42468306 1.45604038 0.16335073
v -0.42436882 1.47180128 0.08864039
v -0.4192512 1.4807415 0.01257894
v -0.33350333 1.55728864 0.06616621
v -0.32832709 1.56248176 -0.0146935
v -0.32093665 1.55692911 -0.09799087
v -0.22613431 1.62499249 -0.03588715
v -0.22116102 1.61535799 -0.12432412
v -0.21517026 1.59171545 -0.21333216
v -0.22995224 1.62243437 0.0493365
v -0.23177917 1.61125791 0.13127617
v -0.33451592 1.54325795 0.14455187
v -0.33074066 1.52164113 0.21991789
v -0.22996957 1.59041464 0.20949702
v -0.42021012 1.43600428 0.23688386
v -0.41066402 1.41274237 0.30931037
v -0.32298135 1.49500179 0.29250362
v -0.49146425 1.32320475 0.32825818
v -0.47796127 1.30345332 0.40069055
v -0.39787676 1.38776779 0.3824234
v -0.55442434 1.21488034 0.41735276
v -0.53666687 1.19727575 0.48800081
v -0.4616577 1.28151154 0.472272
v -0.43925422 1.25237047 0.53859859
v -0.36411759 1.32950782 0.52427595
v -0.38367408 1.36168694 0.45553043
v -0.51206255 1.17228937 0.55277216
v -0.48019245 1.13734853 0.60526061
v -0.4101274 1.21342384 0.59214532
v -0.54681527 1.05662941 0.62019711
v -0.50327974 1.02054429 0.65729051
v -0.44258943 1.09687316 0.64244478
v -0.55643141 0.93768006 0.6718744
v -0.49573722 0.90619987 0.69168907
v -0.45194751 0.98180848 0.67643058
v -0.59607511 0.84683936 0.68865287
v -0.52788925 0.82322001 0.70869237
v -0.45140326 0.80378007 0.71069687
v -0.43054881 0.87522059 0.69225573
v -0.3685972 0.8441236 0.66487473
v -0.34612157 0.90386235 0.6449958
v -0.39567714 0.94310385 0.67521429
v -0.38212093 0.78223925 0.68304824
v -0.32770407 0.75473761 0.63112211
v -0.32176464 0.8101468 0.61185705
v -0.31983083 0.6978423 0.65373981
v -0.27742129 0.67216569 0.58499109
v -0.28996965 0.72260165 0.56409478
v -0.24995122 0.62394791 0.608271
v -0.21515609 0.60460203 0.52974075
v -0.24173809 0.64582061 0.50988996
v -0.17613641 0.56944477 0.54929894
v -0.14825283 0.56063753 0.46425488
v -0.18115721 0.58865481 0.44843745
v -0.12662901 0.54237932 0.56740158
v -0.1059187 0.53846246 0.47965115
v -0.08252632 0.53688025 0.39735919
v -0.11815248 0.55453103 0.3832111
v -0.1456494 0.57808703 0.36884194
v -0.12624843 0.59297251 0.28346881
v -0.16664011 0.60412019 0.35386803
v -0.20599195 0.62191021 0.43151128
v -0.18063199 0.63363045 0.33925297
v -0.2203187 0.6588335 0.41554844
v -0.25571006 0.68978947 0.49149242
v -0.22456546 0.69796359 0.40078038
v -0.25791996 0.73530751 0.474877
v -0.28948766 0.77313345 0.54610252
v -0.25056687 0.77896171 0.46050354
v -0.27830466 0.82225859 0.53053027
v -0.30607646 0.86381149 0.59422051
v -0.25740876 0.86936861 0.51591986
v -0.28108355 0.91550815 0.57835745
v -0.31186521 0.96058404 0.62864238
v -0.24580451 0.96148312 0.56412762
v -0.27050969 1.01244688 0.61378425
v -0.30298492 1.06556463 0.6459847
v -0.35333797 1.00735867 0.66022497
v -0.34007108 1.1195929 0.65084582
v -0.39990991 1.05332863 0.6626293
v -0.37723305 1.16917896 0.62962156
v -0.27544274 1.17952549 0.63762354
v -0.30697408 1.23634064 0.6169452
v -0.33698216 1.28663837 0.57916384
v -0.23275838 1.29673659 0.60295957
v -0.25952744 1.35344886 0.56461167
v -0.28381198 1.39983737 0.50749659
v -0.17653535 1.40540587 0.55169367
v -0.19554673 1.4562236 0.49401068
v -0.20786689 1.4941529 0.42472773
v -0.29967728 1.43468105 0.4378463
v -0.21672748 1.52809321 0.35297516
v -0.31218609 1.46534061 0.36459973
v -0.22445882 1.56185305 0.28246823
v -0.15538045 1.34220731 0.59068143
v -0.1382431 1.26746261 0.61126756
v -0.20751757 1.23275256 0.62314033
v -0.18546991 1.16115069 0.61650353
v -0.12515868 1.19150435 0.60761946
v -0.24660962 1.1178056 0.63005399
v -0.22281217 1.05728995 0.59996563
v -0.16988621 1.0953387 0.58764231
v -0.15780068 1.03568017 0.54109907
v -0.10712071 1.06024718 0.53397822
v -0.11429844 1.1219629 0.58089458
v -0.20451495 1.00185 0.55173736
v -0.19227333 0.94929885 0.49056798
v -0.14985896 0.98131901 0.48111787
v -0.22816954 0.91176378 0.50241822
v -0.2111721 0.86086285 0.43532446
v -0.17945583 0.89703071 0.42417505
v -0.23506087 0.82113581 0.44778809
v -0.20795285 0.77420103 0.3765282
v -0.1891285 0.81075364 0.36589306
v -0.21967192 0.73706316 0.38798356
v -0.18418498 0.69888234 0.31434318
v -0.17599082 0.73081535 0.30435216
v -0.18623139 0.66609001 0.3258332
v -0.14056967 0.64144593 0.25552994
v -0.13833119 0.66618228 0.24251629
v -0.13658213 0.61606973 0.26906588
v -0.092763 0.60640382 0.22113329
v -0.0959366 0.62724584 0.20825973
v -0.08561668 0.58727985 0.2331044
v -0.05521385 0.58094286 0.2123975
v -0.06061113 0.59972655 0.19747996
v -0.06395545 0.62061625 0.18356132
v -0.0647741 0.64444708 0.17108446
v -0.09476353 0.64961421 0.19637486
v -0.06400609 0.67245698 0.16249579
v -0.09194998 0.67296242 0.18632972
v -0.13064678 0.69007861 0.23057285
v -0.06312838 0.706016 0.1632623
v -0.06738076 0.77119892 0.19874365
v -0.08065876 0.84420561 0.26783317
v -0.09287763 0.90199267 0.33928939
v -0.12968973 0.87578934 0.34617543
v -0.09952658 0.95456141 0.40805667
v -0.14199988 0.92856806 0.41478145
v -0.16261932 0.84524124 0.35562688
v -0.10332721 1.00630033 0.47414469
v -0.71089708 0.07082235 0.70294588
v -0.46624633 0.56909173 0.20797093
v -0.49180403 0.64294678 0.43562001
v -0.48758566 0.82586032 0.26241606
v -0.47925251 0.86453956 0.40863764
v -0.47291964 0.61244279 0.19269345
v -0.43544343 0.58088767 0.12062414
v -0.43590989 0.52265578 0.1699538
v -0.43520441 0.48194977 0.23270151
v -0.47292983 0.5588743 0.25131502
v -0.48811334 0.61517572 0.25155398
v -0.49623611 0.63257062 0.39608824
v -0.47187104 0.56104207 0.4344843
v -0.4705235 0.60128223 0.48504975
v -0.49565422 0.6825546 0.44174179
v -0.50307488 0.68049919 0.38927909
v -0.4702472 0.65982246 0.51973515
v -0.49386018 0.78943377 0.25883808
v -0.49911397 0.78887313 0.30187833
v -0.48971265 0.83414775 0.29625961
v -0.46457791 0.90149939 0.27010089
v -0.46707356 0.86927127 0.22495959
v -0.47049683 0.82591247 0.19048616
v -0.46144351 0.90150475 0.43345066
v -0.46036693 0.91999429 0.3794105
v -0.48389992 0.86049306 0.37118768
v -0.49558985 0.80995106 0.38136029
v -0.48566862 0.82695418 0.42978495
v -0.46319839 0.85864269 0.48789006
v -0.46519008 0.79660999 0.52274841
v -0.42661783 0.8159362 0.59180504
v -0.42665547 0.89698499 0.54462361
v -0.42430764 0.95419573 0.47379273
v -0.49057507 0.7783342 0.45072522
v -0.49370881 0.72653484 0.4541727
v -0.46748587 0.72626781 0.53355997
v -0.50151938 0.76518684 0.38981282
v -0.50397568 0.72204524 0.3911083
v -0.5044974 0.75638687 0.34514412
v -0.50631868 0.7145614 0.34663298
v -0.50455945 0.67139166 0.34798935
v -0.5047183 0.70998114 0.29968485
v -0.5025649 0.66548609 0.30105796
v -0.49447909 0.61180704 0.3046351
v -0.49619722 0.61607563 0.35527175
v -0.47385737 0.54217761 0.30867779
v -0.47382527 0.54109472 0.37217423
v -0.43496263 0.46227973 0.3076871
v -0.43571868 0.46497249 0.39265853
v -0.43441975 0.49499261 0.47539752
v -0.38516342 0.39692154 0.41308867
v -0.38382896 0.43717512 0.51463544
v -0.38231757 0.51110178 0.59940558
v -0.43297597 0.55366402 0.54487234
v -0.38202482 0.61000967 0.65486031
v -0.43274629 0.63394159 0.5915699
v -0.37959054 0.722449 0.67438286
v -0.42920848 0.72499948 0.60738825
v -0.37728628 0.83487075 0.65419691
v -0.31865233 0.71997714 0.7311896
v -0.31701061 0.85044962 0.70824289
v -0.31576174 0.96438455 0.64363104
v -0.37605279 0.93286341 0.59713059
v -0.3152132 1.04828906 0.54801535
v -0.37501579 1.00350034 0.51373302
v -0.31522855 1.0959568 0.43488505
v -0.37487879 1.04242706 0.4170542
v -0.42321342 0.98294985 0.39742973
v -0.37566968 1.04925239 0.3173916
v -0.42434868 0.98620754 0.32015699
v -0.46176084 0.91954189 0.32460564
v -0.4264006 0.96634244 0.24497975
v -0.48738321 0.85063409 0.33263191
v -0.49914681 0.79847675 0.34098267
v -0.50335562 0.75069713 0.30072805
v -0.49649247 0.7535578 0.24663783
v -0.49680531 0.71156793 0.24234631
v -0.47318577 0.77362948 0.16942027
v -0.47443518 0.71825039 0.16326025
v -0.47456535 0.66249191 0.17155519
v -0.49487358 0.66504913 0.24611859
v -0.43491211 0.72506147 0.08302636
v -0.43536344 0.64968699 0.09201824
v -0.38262966 0.72939854 0.01306179
v -0.38368687 0.63442981 0.02352032
v -0.38424831 0.54602903 0.06078071
v -0.32167977 0.62103152 -0.03488903
v -0.32246908 0.51566588 0.00925537
v -0.32262861 0.42533832 0.08387958
v -0.38477668 0.46955618 0.12394718
v -0.32254666 0.3603684 0.18566298
v -0.38431763 0.41565752 0.20855836
v -0.32307082 0.32971921 0.30503961
v -0.38458523 0.39052501 0.30724048
v -0.32307919 0.33826804 0.4303151
v -0.25069478 0.2795192 0.30270436
v -0.25143608 0.29006767 0.44418665
v -0.25101831 0.3470087 0.5768184
v -0.32220014 0.38733127 0.54919326
v -0.24996258 0.44460651 0.68476021
v -0.32093462 0.47377753 0.64693707
v -0.24936428 0.57307434 0.75571876
v -0.32039302 0.58960413 0.70969849
v -0.2483097 0.71713197 0.78004521
v -0.17027741 0.56026452 0.78984475
v -0.16966265 0.71502941 0.81640201
v -0.16889654 0.87117439 0.79011696
v -0.24634268 0.86297434 0.75524646
v -0.16815319 1.00919759 0.71420157
v -0.24605341 0.99013268 0.68406647
v -0.16777922 1.11343622 0.59939497
v -0.24560678 1.08539307 0.57741653
v -0.16788411 1.17399609 0.46156644
v -0.24551269 1.14001536 0.45026931
v -0.16783021 1.18866419 0.31648358
v -0.24573111 1.15278768 0.31684628
v -0.31499302 1.10620844 0.31719797
v -0.24650105 1.12578642 0.1889615
v -0.31587865 1.08159601 0.20420639
v -0.3765397 1.02753996 0.22301839
v -0.31748065 1.0245397 0.10516952
v -0.3783518 0.9790039 0.13988915
v -0.42913371 0.92601096 0.17982026
v -0.38071754 0.90846949 0.07339929
v -0.43132373 0.86849105 0.12888954
v -0.38256892 0.82284694 0.02951104
v -0.43382594 0.79934108 0.09510086
v -0.31952521 0.94347924 0.02622096
v -0.32006481 0.84323382 -0.02567673
v -0.32128372 0.73283618 -0.04689807
v -0.2489638 0.8603146 -0.07151547
v -0.24924299 0.73548507 -0.09515684
v -0.25008443 0.60925614 -0.0823882
v -0.17120692 0.7372539 -0.13189442
v -0.17180234 0.60089826 -0.11856886
v -0.17258353 0.47338238 -0.06634914
v -0.25113427 0.49075537 -0.0336655
v -0.17307755 0.36378225 0.02298305
v -0.2517243 0.38955214 0.05010141
v -0.1721214 0.28037515 0.15067139
v -0.25092929 0.31425902 0.16570994
v -0.17193532 0.24216996 0.30054453
v -0.08680017 0.26092857 0.14061623
v -0.08704617 0.22013776 0.29954779
v -0.08689265 0.23352921 0.46179556
v -0.17179741 0.25438705 0.4552294
v -0.08657913 0.29936495 0.61087578
v -0.17141741 0.31674832 0.5984525
v -0.08625309 0.40922886 0.73089093
v -0.17081272 0.42190852 0.71401268
v -0.08605726 0.55288451 0.80977016
v 0 0.40159431 0.73986011
v 0 0.54905122 0.8189587
v 0 0.71388703 0.84688651
v -0.08563059 0.7136988 0.83784729
v 0 0.87861251 0.81959861
v -0.08526638 0.87596923 0.8108868
v 0 1.02517128 0.73994243
v -0.08509556 1.01983439 0.73226475
v 0 1.13723015 0.61880773
v -0.08509048 1.12914753 0.6127873
v 0 1.20348882 0.47250774
v -0.08493828 1.19328808 0.46873384
v 0 1.22082912 0.31754809
v -0.08493991 1.2092694 0.31666103
v 0 1.1893531 0.16828276
v -0.08516844 1.17939543 0.17094694
v -0.16839715 1.15969097 0.17758825
v -0.08541169 1.10974216 0.04320218
v -0.16895411 1.0927118 0.05544018
v -0.24734334 1.06374454 0.07654127
v -0.17021638 0.99388766 -0.04101673
v -0.24817314 0.9723339 -0.01223302
v -0.17082139 0.87256115 -0.10549403
v -0.08561646 1.00645542 -0.05802421
v -0.08601994 0.88004058 -0.12601026
v -0.08618244 0.73854053 -0.15319223
v 0 0.8827908 -0.13473454
v 0 0.73913437 -0.16413639
v 0 0.59495914 -0.15047864
v -0.08642935 0.59629583 -0.13965815
v 0 0.46315759 -0.0971861
v -0.08638593 0.46425521 -0.08698919
v 0 0.35258036 -0.01226931
v -0.08309865 0.35126927 0.00287668
v 0 0.25321602 0.133943
v 0 0.21044457 0.29895785
v 0 0.2242233 0.46505463
v 0 0.29051324 0.61781251
v 0 1.01368629 -0.06679246
v 0 1.11778652 0.03745689
v 0.57185441 0.01357302 0.78256863
v 0.61789286 -0.61100268 0.87266796
v 0.44442108 -0.20444679 0.86093407
v 0.28595164 0.40897688 0.85602861
v 1.65086066 -2.16074085 1.07719636
v 1.51992058 -2.30774498 0.94609451
v 1.09293448 -0.27731907 -0.53073328
v 0.73885858 -0.33825212 -1.03873288
v 1.57318019 -2.10647487 -1.23429977
v 1.62130105 -2.13746643 0.91354221
v 0.14745463 -0.50691193 1.00739216
v 1.63596332 -2.20930218 -1.35830211
v 1.48426449 -2.2229793 -1.45237886
v 0.46032103 -0.93728327 -0.6654461
v 1.51533925 -2.30911469 -1.3272202
v 1.65398931 -2.25031852 1.07644081
v 0.07592653 -0.03813346 0.86063742
v 0.13683947 0.24760931 0.88136529
v 0.54752695 -0.28073793 0.88930505
v 0.11583184 0.73870164 0.22388187
v 0.63578116 1.13188242 -0.29887953
v 0.66925698 0.20327508 0.67740833
v 0.06836879 0.55845189 0.26412558
v 0.02389633 -0.28270447 0.83600485
v 0.48489996 -0.92106568 0.31091237
v 1.08473134 -0.31913027 0.47237545
v 0.64114034 0.0138988 0.76465654
v 0.64517134 -0.07453209 0.79231524
v 0.55953484 -0.05769521 0.81376856
v 0.49241533 -0.04268327 0.79410874
v 0.53472095 0.04286481 0.76410281
v 0.61856353 0.07579467 0.74402743
v 0.59010052 -0.50292766 0.8868649
v 0.68263149 -0.46690237 0.86948281
v 0.72232574 -0.54137629 0.88331514
v 0.515491 -0.61366343 0.86841136
v 0.51680022 -0.52360564 0.90200609
v 0.58157688 -0.71977764 0.82881826
v 0.50393736 -0.70117121 0.8138265
v 0.70866745 -0.68481808 0.89930468
v 0.6612131 -0.76810681 0.85958159
v 0.78674584 -0.61313903 0.90878284
v 0.4002918 -0.22264213 0.85870093
v 0.39465025 -0.13558396 0.7938053
v 0.43621513 -0.13272588 0.81315112
v 0.48605492 -0.13843697 0.84150862
v 0.48060905 -0.23651969 0.88514977
v 0.43060979 -0.27856934 0.89865565
v 0.2519344 0.30740317 0.88574481
v 0.14094086 0.33184579 0.8860737
v 0.14492717 0.39985927 0.87347996
v 0.1196469 0.46662256 0.82882118
v 0.22413554 0.49391868 0.81492823
v 0.38678571 0.53141117 0.80734998
v 0.48110809 0.51483762 0.79636216
v 0.40415141 0.39194718 0.83482796
v 0.3451195 0.29401111 0.86365866
v 1.61640465 -2.14013123 1.08961653
v 1.62162113 -2.12411618 1.05827486
v 1.662418 -2.15831232 1.05249679
v 1.67234802 -2.18749475 1.05629062
v 1.65277004 -2.18225479 1.08694517
v 1.60976195 -2.16548609 1.11391866
v 1.54543817 -2.30690312 0.92124259
v 1.46661913 -2.30511641 0.88181722
v 1.45558857 -2.30715966 0.92517322
v 1.44482612 -2.30752897 0.97110295
v 1.52639687 -2.30781173 0.98018962
v 1.57666432 -2.30785799 0.96538001
v 1.06764578 -0.35403588 -0.62418526
v 1.07962 -0.45388484 -0.5600726
v 1.09758985 -0.41197973 -0.47336843
v 1.12587499 -0.2867684 -0.39893999
v 1.11844277 -0.1956063 -0.39745447
v 1.08064806 -0.16780482 -0.51108551
v 1.11487805 -0.40215322 -0.37990772
v 1.02542316 -0.20713073 -0.66712373
v 1.01591432 -0.2900716 -0.72210657
v 1.01560068 -0.12679569 -0.63102114
v 0.79563504 -0.43513217 -1.06890428
v 0.88429409 -0.40859103 -0.99320066
v 0.85511547 -0.32500898 -0.94826328
v 0.84885293 -0.23857229 -0.90996033
v 0.75068992 -0.22977952 -0.985246
v 0.64671999 -0.4401811 -1.12898588
v 0.71288943 -0.50107491 -1.14718627
v 0.62053501 -0.29428139 -1.09005868
v 0.5629571 -0.39032638 -1.14365744
v 0.64123773 -0.20470812 -1.0442574
v 1.57252705 -2.0937798 -1.26890277
v 1.60666692 -2.12404322 -1.27847516
v 1.59350109 -2.1308422 -1.22875165
v 1.5331254 -2.09218502 -1.19643461
v 1.51625561 -2.06914663 -1.23318231
v 1.54538738 -2.12058115 -1.16713023
v 1.58545649 -2.11752963 0.89006185
v 1.58774507 -2.15242457 0.86130285
v 1.63342177 -2.16499233 0.9055534
v 1.65375542 -2.16367054 0.94518381
v 1.62715053 -2.13112258 0.94492298
v 1.58190453 -2.09514665 0.93171525
v 0.11467625 -0.47494226 1.00479519
v 0.16937671 -0.36026415 1.03576326
v 0.20755702 -0.37056636 1.03281664
v 0.24120415 -0.48143386 1.00759112
v 0.22895951 -0.5869959 0.98712331
v 0.13117501 -0.61693465 0.98243111
v 0.26193153 -0.36229533 1.01060092
v 1.6274383 -2.22875094 -1.37298691
v 1.63392281 -2.24930048 -1.33058202
v 1.64089548 -2.21706819 -1.32518053
v 1.63809955 -2.1828947 -1.32610106
v 1.62835264 -2.18427634 -1.36710894
v 1.61511683 -2.19941091 -1.39493084
v 1.43069541 -2.21786451 -1.44474506
v 1.42734611 -2.25565552 -1.4321661
v 1.49755263 -2.25120234 -1.44643831
v 1.50700259 -2.20182752 -1.45423805
v 1.44301962 -2.17840313 -1.44743394
v 1.53399622 -2.23322081 -1.445688
v 0.40260136 -0.90649098 -0.79754823
v 0.3262656 -0.88026356 -0.77258974
v 0.35180965 -0.91310352 -0.6597585
v 0.53561735 -0.95494025 -0.74107182
v 0.47430518 -0.93414986 -0.83905768
v 0.36094242 -0.93214368 -0.54436409
v 0.45544219 -0.9433999 -0.53114992
v 0.56351721 -0.94251018 -0.48882764
v 0.58324903 -0.94954806 -0.58412587
v 0.62552046 -0.96045142 -0.65934759
v 1.54322934 -2.30821323 -1.31680929
v 1.55643975 -2.30584216 -1.36022377
v 1.51589453 -2.30779218 -1.35900151
v 1.45459437 -2.31046915 -1.33590555
v 1.47430372 -2.31061601 -1.29695057
v 1.50102245 -2.30953311 -1.26211142
v 1.63142204 -2.25608825 1.09563374
v 1.6361376 -2.22801685 1.10137903
v 1.66351699 -2.2312262 1.0723747
v 1.67542755 -2.24518752 1.03933548
v 1.65915334 -2.26629638 1.05236232
v 1.63035976 -2.28477692 1.07035195
v 0.0768418 -0.08191894 0.87988507
v 0.0607226 -0.09215132 0.83619993
v 0.06283608 -0.0260958 0.82134759
v 0.08971505 0.00008757 0.88621759
v 0.09522853 -0.06253391 0.92414921
v 0.07770703 0.05080461 0.83656215
v 0.242444 0.23881661 0.89944052
v 0.09057669 0.20906262 0.85352951
v 0.18481148 0.15248885 0.92305797
v 0.13413436 0.1385632 0.90128964
v 0.25588193 0.14740386 0.92543661
v 0.64287293 -0.27418029 0.84823268
v 0.65320587 -0.37568444 0.86226499
v 0.56987738 -0.39788028 0.89546626
v 0.50348889 -0.42360755 0.91765111
v 0.47102952 -0.33384239 0.91543072
v 0.5592271 -0.15695413 0.8502767
v 0.64536637 -0.1707319 0.821787
v 0.11877229 0.70934593 0.21866802
v 0.0884589 0.69864475 0.1822686
v 0.09228535 0.74846869 0.20399899
v 0.14133484 0.79120338 0.28423386
v 0.16199411 0.7613179 0.2949014
v 0.11308479 0.81962049 0.27526682
v 0.65977495 1.13323772 -0.24342148
v 0.57945847 1.21373927 -0.26549136
v 0.58537948 1.15914857 -0.34872129
v 0.67305839 1.05244231 -0.36102953
v 0.72061932 1.03013491 -0.30419611
v 0.69163024 0.12340715 0.69303309
v 0.58822113 0.10866652 0.73432618
v 0.54806977 0.14067858 0.73080158
v 0.77614319 0.24281474 0.58803027
v 0.78295588 0.14321771 0.61828917
v 0.49236071 0.16792899 0.74786317
v 0.58620041 0.239214 0.71904581
v 0.04754179 0.5512802 0.25758633
v 0.04865831 0.56555503 0.23035116
v 0.07542327 0.5709877 0.24390888
v 0.08899393 0.5531758 0.31029513
v 0.06223778 0.5393508 0.319536
v 0.11062658 0.57222771 0.29739224
v 0.03118343 -0.24688018 0.82944834
v 0.03220713 -0.30813977 0.86777097
v 0.05322827 -0.25793317 0.87605255
v 0.46536347 -0.92917388 0.19013746
v 0.36843434 -0.93906194 0.20328377
v 0.3666493 -0.92909485 0.31288346
v 0.59728145 -0.91189986 0.24419455
v 0.57036382 -0.91376 0.15901409
v 0.57501441 -0.92912262 0.38878488
v 0.65161848 -0.92486798 0.32135912
v 0.4412432 -0.90746706 0.44209656
v 0.52608341 -0.91734069 0.4820005
v 0.35251513 -0.91232591 0.43131476
v 1.13817977 -0.39655751 0.37710082
v 1.11767804 -0.45857185 0.45183709
v 1.06345462 -0.40791073 0.546072
v 1.14200449 -0.27231925 0.3357526
v 1.16815972 -0.34933006 0.28303936
v 1.05565273 -0.22303783 0.48483917
v 1.11616945 -0.19573292 0.36308282
v 0.97900837 -0.38893923 0.66066813
v 0.97120076 -0.31275463 0.62614959
v 0.95651614 -0.23457565 0.60947996
v 0.86295092 -0.32408654 0.7338643
v 0.84908503 -0.24881023 0.7108134
v 0.83979046 -0.16842505 0.69062483
v 0.9409995 -0.15482302 0.59534198
v 1.02938652 -0.13725729 0.48601627
v 0.92057305 -0.07377748 0.58021229
v 0.99924838 -0.05416017 0.4787403
v 1.0525012 -0.03234345 0.37158271
v 1.08676624 -0.11498094 0.37289044
v 1.07860696 -0.00805938 0.25855234
v 1.11516809 -0.08561384 0.25470954
v 1.14603078 -0.16053445 0.2406736
v 1.12346708 -0.05429022 0.1333308
v 1.15472269 -0.12650154 0.11708759
v 1.17698979 -0.19996659 0.09351147
v 1.1703577 -0.23375602 0.21467278
v 1.19245243 -0.27730965 0.06431747
v 1.18789053 -0.31019622 0.17715776
v 1.19423449 -0.36143282 0.0318003
v 1.19155085 -0.39389917 0.13298301
v 1.17777752 -0.43250447 0.22574628
v 1.15845108 -0.47579103 0.30652999
v 1.17572903 -0.48251685 0.08953876
v 1.16768419 -0.5169273 0.17372262
v 1.15513837 -0.55664062 0.24875453
v 1.15157496 -0.59993946 0.31678775
v 1.14724135 -0.52566766 0.37756285
v 1.13470339 -0.60261142 0.12689137
v 1.12884438 -0.63687384 0.19849626
v 1.13143098 -0.67482507 0.26577866
v 1.14484059 -0.7172079 0.32804718
v 1.16151058 -0.64646732 0.37920033
v 1.07568669 -0.71191638 0.16438117
v 1.08303117 -0.74410575 0.23152624
v 1.10038316 -0.78305453 0.29340294
v 1.12513411 -0.82773524 0.35049319
v 1.16653382 -0.76328867 0.38589623
v 1.01158523 -0.80277007 0.21694053
v 1.03365778 -0.83883124 0.27826577
v 1.06252932 -0.88266831 0.33435791
v 1.09555244 -0.93151485 0.38727012
v 1.15501678 -0.8758074 0.40398055
v 0.95418673 -0.88347679 0.28138175
v 0.98798328 -0.9267891 0.33704605
v 1.02556717 -0.97708535 0.38860982
v 1.0669918 -1.02732014 0.44018307
v 1.13383376 -0.98038667 0.43835493
v 0.9092133 -0.96083915 0.35747218
v 0.95113146 -1.01221156 0.40850397
v 0.99928671 -1.06381809 0.4612177
v 1.0542413 -1.11000526 0.51511567
v 1.11547303 -1.07276725 0.49452856
v 0.88116294 -1.03845155 0.44459691
v 0.93516355 -1.09120321 0.49783527
v 0.99402129 -1.13708221 0.55181193
v 1.05385828 -1.17505991 0.60544908
v 1.11145305 -1.14920413 0.57045477
v 0.8763948 -1.10666716 0.54751622
v 0.93830376 -1.15177798 0.60122448
v 0.99960857 -1.18883752 0.65363729
v 1.05086541 -1.21389567 0.70048779
v 1.10363137 -1.2045139 0.65658795
v 0.88920843 -1.15082109 0.66095554
v 0.95162302 -1.18675684 0.71127921
v 1.00432324 -1.21009707 0.75263685
v 1.03281986 -1.22216129 0.77457612
v 1.07753133 -1.22818815 0.72624862
v 0.91268181 -1.16957068 0.77453899
v 0.96881526 -1.19427442 0.8113445
v 1.00095439 -1.20856297 0.83139312
v 1.01784694 -1.22202754 0.84332454
v 1.04928124 -1.23281621 0.78875434
v 0.94754838 -1.16496121 0.8732894
v 0.98614829 -1.18513846 0.8927316
v 1.00561976 -1.20316433 0.90477067
v 1.01334631 -1.22302162 0.91375923
v 1.02668094 -1.24029028 0.85301506
v 0.98691856 -1.15072107 0.95198208
v 1.01035738 -1.17651605 0.96560049
v 1.01895189 -1.20135521 0.97614067
v 1.01556587 -1.23261928 0.98627126
v 1.00942087 -1.24702525 0.92100656
v 1.0330652 -1.14345121 1.02163267
v 1.04347324 -1.17892432 1.03575098
v 1.041139 -1.21834874 1.04842829
v 1.0238465 -1.26998591 1.06053721
v 0.99978214 -1.27477002 0.99540054
v 1.08724939 -1.1545788 1.08822476
v 1.08410346 -1.20562124 1.10444164
v 1.06414949 -1.26705956 1.11804294
v 1.03292977 -1.33852648 1.1241219
v 0.99435967 -1.33399939 1.06849134
v 1.14595902 -1.1969769 1.15149438
v 1.11859786 -1.27154719 1.16358053
v 1.07943344 -1.35115325 1.16472911
v 1.036255 -1.4344089 1.16207206
v 0.99338603 -1.41884827 1.12315356
v 1.17729461 -1.28571021 1.19006538
v 1.13258147 -1.37038493 1.18901932
v 1.08701038 -1.45508647 1.18250167
v 1.04585242 -1.54248523 1.17300605
v 0.99481207 -1.52480518 1.15552187
v 1.18975126 -1.39448654 1.18958663
v 1.14196634 -1.4777553 1.17953896
v 1.10096609 -1.56048083 1.16682148
v 1.07001173 -1.6442244 1.15192019
v 1.01388692 -1.6343975 1.15942549
v 1.19555783 -1.4993149 1.1552639
v 1.15513706 -1.57580828 1.14042353
v 1.12480592 -1.65121161 1.12514388
v 1.10884904 -1.72773766 1.11249268
v 1.05302345 -1.72930002 1.13796663
v 1.20516574 -1.58714735 1.096686
v 1.17524814 -1.65687084 1.08268535
v 1.15899801 -1.72678232 1.07286369
v 1.15624761 -1.7953844 1.06660425
v 1.10784375 -1.8021779 1.10388553
v 1.21830773 -1.66111171 1.02888453
v 1.20129394 -1.72664141 1.0222243
v 1.19678783 -1.79122233 1.01840519
v 1.20888733 -1.85256445 1.02095627
v 1.16963553 -1.86131262 1.06616592
v 1.23525738 -1.72839045 0.96500426
v 1.22858989 -1.79036581 0.96398156
v 1.23662138 -1.84979486 0.96727615
v 1.25671947 -1.90575671 0.97348958
v 1.23309779 -1.90985834 1.02635562
v 1.24688398 -1.79207861 0.90608996
v 1.25325989 -1.85155212 0.91048854
v 1.26848244 -1.90851831 0.91726946
v 1.29828858 -1.95927906 0.9266113
v 1.2875278 -1.95582687 0.98174136
v 1.25575828 -1.85669124 0.85502362
v 1.27202558 -1.91503655 0.86266642
v 1.29934907 -1.96950721 0.87384349
v 1.33827984 -2.01669549 0.88655561
v 1.33994805 -2.00057029 0.93769437
v 1.26466774 -1.92504751 0.81368362
v 1.29418087 -1.98233509 0.82487356
v 1.33422851 -2.03278255 0.83804196
v 1.38924276 -2.06679558 0.8483144
v 1.39413642 -2.04333066 0.89505273
v 1.27985751 -1.99883067 0.7834329
v 1.32409918 -2.05238509 0.79677325
v 1.37867462 -2.09479403 0.80979222
v 1.44768953 -2.11689066 0.81664145
v 1.45350313 -2.08255124 0.85492426
v 1.30387008 -2.07907247 0.76643204
v 1.36581206 -2.12391519 0.77884554
v 1.44018721 -2.15337562 0.79301005
v 1.51903176 -2.17219424 0.80918276
v 1.52101361 -2.13270497 0.83055675
v 1.34680652 -2.15772533 0.76724517
v 1.42721796 -2.19112038 0.7816801
v 1.5116502 -2.21208047 0.8029626
v 1.58610236 -2.22732067 0.84497135
v 1.58887517 -2.18993592 0.84769541
v 1.41232359 -2.22559523 0.78432589
v 1.5017724 -2.24688744 0.80810105
v 1.57936906 -2.26099157 0.85097962
v 1.63711166 -2.27055263 0.90401613
v 1.64261114 -2.23617696 0.89482641
v 1.49078929 -2.27598857 0.82386189
v 1.57009029 -2.28710484 0.86594373
v 1.62365639 -2.2957344 0.92037147
v 1.64974796 -2.29552841 0.97090977
v 1.66740977 -2.2702701 0.95535719
v 1.55783331 -2.30242109 0.89118868
v 1.60404467 -2.30540585 0.94140416
v 1.62115967 -2.3074994 0.98901468
v 1.62957239 -2.30372262 1.03339731
v 1.66008555 -2.28573703 1.01561367
v 1.58224809 -2.30786919 1.00595998
v 1.58329737 -2.30600309 1.04907715
v 1.51875102 -2.30710768 1.01965522
v 1.51547217 -2.30434656 1.06262075
v 1.51833891 -2.29141593 1.1042639
v 1.58500278 -2.29366612 1.08811736
v 1.52425265 -2.26162076 1.13272953
v 1.58866274 -2.26360249 1.11570715
v 1.53238391 -2.22287726 1.14841091
v 1.59522712 -2.2286973 1.12841665
v 1.54111933 -2.18253207 1.14685869
v 1.60219728 -2.19508957 1.12578392
v 1.64489173 -2.2050817 1.09712326
v 1.67094445 -2.21139049 1.06507849
v 1.6826998 -2.1895945 1.02286815
v 1.68125593 -2.21983122 1.02925169
v 1.68284547 -2.19578361 0.98331296
v 1.68337154 -2.22919917 0.98951244
v 1.67703163 -2.25988555 1.00068152
v 1.67274785 -2.23634409 0.94453716
v 1.66946923 -2.2004919 0.94170087
v 1.64193964 -2.20026922 0.89560395
v 1.66262805 -2.15792441 0.98283392
v 1.66542124 -2.15538692 1.02016651
v 1.62450337 -2.11926817 1.02157807
v 1.62573981 -2.12295389 0.98338723
v 1.5729438 -2.08419728 1.02310872
v 1.57742154 -2.08501839 0.97642314
v 1.51101648 -2.05863618 1.01789438
v 1.51652908 -2.05978536 0.96560525
v 1.52040767 -2.07247042 0.91409915
v 1.45348954 -2.04475116 0.9565519
v 1.45508194 -2.05825233 0.90263474
v 1.52173972 -2.09741258 0.86814135
v 1.39392197 -2.02690029 0.94748759
v 1.44801473 -2.041785 1.01017916
v 1.38750255 -2.02130842 1.00161731
v 1.33308088 -1.99419772 0.99192148
v 1.37457144 -2.02952837 1.05284857
v 1.31759381 -1.99932313 1.0437088
v 1.2687745 -1.95976638 1.0341221
v 1.29447865 -2.01662516 1.08866381
v 1.23999714 -1.97532153 1.07786452
v 1.19828581 -1.9229623 1.07034397
v 1.20508623 -2.00094676 1.10974502
v 1.15744674 -1.9416852 1.10441267
v 1.12468791 -1.87406718 1.10038936
v 1.11273145 -1.96562135 1.12152063
v 1.07451987 -1.89136076 1.11975848
v 1.0541923 -1.81163048 1.12611687
v 1.02078354 -1.90995311 1.12495899
v 0.99633681 -1.82177484 1.13131177
v 0.99510192 -1.72846567 1.14541363
v 0.94059354 -1.82895398 1.11995089
v 0.94034254 -1.72492718 1.13143765
v 0.96076637 -1.62239491 1.1448791
v 0.89533221 -1.71914589 1.09708976
v 0.91839724 -1.61100244 1.1097486
v 0.95355391 -1.51078045 1.11831808
v 0.89092671 -1.60254836 1.05792951
v 0.92403459 -1.50136971 1.06677186
v 0.95986306 -1.41024529 1.07077372
v 0.90640634 -1.49685633 1.00308072
v 0.93968141 -1.40841257 1.00508248
v 0.97115713 -1.33500921 1.00321519
v 0.93585211 -1.41040277 0.93210804
v 0.96613913 -1.33740878 0.93137818
v 0.99360615 -1.28166437 0.9270401
v 0.98230564 -1.34237527 0.85812497
v 1.00916433 -1.28953588 0.85923773
v 1.02292704 -1.26235842 0.85810679
v 1.04359388 -1.29873669 0.79968881
v 1.05469405 -1.27345001 0.8018735
v 1.05729997 -1.25120675 0.79851651
v 1.10069346 -1.27940011 0.75664711
v 1.10112047 -1.25675725 0.75409543
v 1.09317064 -1.23918426 0.74305415
v 1.15622055 -1.25743484 0.72097355
v 1.14861154 -1.23844599 0.70909392
v 1.13388037 -1.22408592 0.68981325
v 1.21040225 -1.22959458 0.68936348
v 1.1919676 -1.20760035 0.66213834
v 1.16024899 -1.18253934 0.62293773
v 1.25248181 -1.17808497 0.64681601
v 1.21944665 -1.14746189 0.60187643
v 1.16896796 -1.11249876 0.55016559
v 1.27530992 -1.10240924 0.59736549
v 1.22456812 -1.06460964 0.54493862
v 1.17643296 -1.02449512 0.4910272
v 1.27380931 -1.0081737 0.55764877
v 1.22934496 -0.9662773 0.50659793
v 1.19041431 -0.92287701 0.45498776
v 1.26569652 -0.90204578 0.54168087
v 1.22788906 -0.8576197 0.49112477
v 1.19414567 -0.81113261 0.44030368
v 1.24175775 -0.79257798 0.5427432
v 1.20713675 -0.74541372 0.49193283
v 1.18067693 -0.69569873 0.43744474
v 1.19767224 -0.6850295 0.55309486
v 1.1698426 -0.63290172 0.49936544
v 1.15261995 -0.57868802 0.44135794
v 1.1379565 -0.58106529 0.57003158
v 1.12036323 -0.52111333 0.51432675
v 1.08924186 -0.54385888 0.65055298
v 1.06786763 -0.47898623 0.60093647
v 1.02680349 -0.52374273 0.73711168
v 0.99731469 -0.45755863 0.69799548
v 0.95337075 -0.52775567 0.81962567
v 0.91507524 -0.45862376 0.78992295
v 0.88489943 -0.39208662 0.76110583
v 0.821841 -0.48726832 0.85631889
v 0.78269243 -0.42082354 0.83511954
v 0.75516909 -0.34884083 0.81349551
v 0.74301737 -0.26514405 0.79073768
v 0.73841428 -0.17579448 0.76709431
v 0.73385912 -0.08739874 0.74337774
v 0.82832658 -0.0869359 0.67099952
v 0.72591489 -0.00213967 0.72075271
v 0.81405913 -0.00503828 0.65152442
v 0.89827609 0.00666617 0.56509995
v 0.79795432 0.07176501 0.63427728
v 0.87537199 0.08773272 0.54710215
v 0.93601411 0.11031399 0.45021477
v 0.96727031 0.02648683 0.46725165
v 0.97804814 0.13505744 0.34925383
v 1.01420617 0.04903767 0.36304497
v 1.00273859 0.15957272 0.24648626
v 1.03884339 0.07341961 0.25478977
v 1.01450026 0.18525366 0.14171515
v 1.04804348 0.09913635 0.14425349
v 1.08707797 0.01984433 0.14247687
v 1.04665339 0.12644614 0.03312621
v 1.08399796 0.04879589 0.0260584
v 1.11963939 -0.02469786 0.0127863
v 1.07189905 0.07725334 -0.08939608
v 1.10571909 0.00292211 -0.10588427
v 1.13355338 -0.07189794 -0.12626926
v 1.14862656 -0.09727105 -0.00571839
v 1.15468764 -0.14866165 -0.14703661
v 1.1706947 -0.1719328 -0.02732322
v 1.16589915 -0.22877664 -0.16498822
v 1.18200254 -0.25098553 -0.05004441
v 1.16571056 -0.3147951 -0.17920258
v 1.18264949 -0.33604428 -0.07290345
v 1.14766669 -0.41213059 -0.1889978
v 1.16167068 -0.42861035 -0.09358647
v 1.172719 -0.452706 0.00009705
v 1.11913561 -0.52776652 -0.11020854
v 1.13142561 -0.54712522 -0.02877722
v 1.13823902 -0.57318788 0.05110836
v 1.06573462 -0.64146339 -0.04752874
v 1.07191109 -0.66039389 0.02371455
v 1.0741049 -0.68475633 0.0939702
v 0.98071992 -0.73579251 0.0149309
v 0.98797857 -0.75369054 0.08226945
v 0.99776345 -0.77629846 0.15012221
v 0.88729971 -0.80722868 0.08699395
v 0.90355801 -0.82474249 0.15476994
v 0.92602729 -0.84927392 0.22031948
v 0.802733 -0.8623594 0.17159916
v 0.83307361 -0.88312435 0.23963566
v 0.86975854 -0.9166938 0.30287861
v 0.74013751 -0.90732657 0.27349963
v 0.78636097 -0.9415335 0.33820641
v 0.83303958 -0.98564064 0.39433428
v 0.70958304 -0.95762497 0.38730984
v 0.76440358 -1.00127565 0.44387152
v 0.81794178 -1.05443 0.49471008
v 0.70670074 -1.00321567 0.50541776
v 0.76425659 -1.05573284 0.5562753
v 0.82532882 -1.10660159 0.60794943
v 0.72276431 -1.03892517 0.62601918
v 0.78469359 -1.08934247 0.67574763
v 0.84929478 -1.13329553 0.72665709
v 0.75886333 -1.05429565 0.74596148
v 0.82350772 -1.09895265 0.79436141
v 0.88851034 -1.13595664 0.84007298
v 0.81529861 -1.05090451 0.85885256
v 0.88162797 -1.0900377 0.9017471
v 0.94224363 -1.12298572 0.93323665
v 0.89223784 -1.03507995 0.95648235
v 0.9552654 -1.07227146 0.98636657
v 1.00406312 -1.10914707 1.00642097
v 0.98414135 -1.01561081 1.0318396
v 1.03852045 -1.06119883 1.05271971
v 1.07379674 -1.10753738 1.07002306
v 1.08826041 -1.01205897 1.08622229
v 1.12921834 -1.07027256 1.10854959
v 1.14826726 -1.13051497 1.1309669
v 1.19693994 -1.03460264 1.12893641
v 1.2190392 -1.11142718 1.15793848
v 1.211838 -1.19805884 1.17936933
v 1.29082655 -1.10423147 1.16475558
v 1.27880477 -1.20914423 1.18698847
v 1.23919916 -1.30643415 1.19498062
v 1.34303665 -1.22460269 1.17086613
v 1.29949176 -1.33037757 1.17481339
v 1.24534559 -1.41951322 1.16718125
v 1.35203766 -1.35203599 1.1332097
v 1.29553043 -1.44184327 1.12435674
v 1.24509608 -1.5172801 1.11145949
v 1.33921277 -1.45892286 1.06661546
v 1.28975498 -1.53070139 1.05288386
v 1.24949717 -1.59606015 1.04004418
v 1.32619166 -1.53940367 0.98762637
v 1.28568553 -1.60318541 0.97718387
v 1.25338208 -1.66560876 0.96894782
v 1.30881166 -1.60732626 0.91344445
v 1.27627229 -1.66934692 0.90793275
v 1.25708138 -1.73127937 0.90580642
v 1.28462839 -1.67105293 0.84845405
v 1.26482093 -1.73411345 0.84787684
v 1.25273561 -1.79580986 0.84957218
v 1.25714218 -1.73520243 0.79329174
v 1.24697005 -1.80041647 0.79701823
v 1.24886918 -1.86300289 0.80370003
v 1.22425019 -1.80351138 0.75034278
v 1.22844648 -1.87093114 0.75995296
v 1.24697351 -1.93727958 0.77177768
v 1.1935271 -1.88049149 0.72588866
v 1.21761024 -1.95215475 0.73946994
v 1.25476896 -2.01929235 0.75243091
v 1.17870152 -1.96989679 0.72480571
v 1.22246813 -2.04299092 0.73652046
v 1.27834379 -2.10766863 0.75043767
v 1.1863867 -2.06767725 0.73855197
v 1.24913954 -2.13683128 0.75250679
v 1.32484042 -2.19050383 0.76787692
v 1.22028827 -2.16511702 0.76806449
v 1.30384767 -2.22095036 0.78317707
v 1.39732229 -2.25665879 0.79884004
v 1.28567934 -2.24901723 0.81053566
v 1.38371145 -2.28239464 0.82373267
v 1.4787383 -2.29630684 0.84797632
v 1.37328672 -2.30113387 0.86168676
v 1.27229011 -2.27155995 0.84904032
v 1.26053953 -2.28902316 0.89521247
v 1.3646785 -2.3057332 0.90776783
v 1.25293624 -2.29498529 0.95175463
v 1.35622465 -2.30689239 0.95995438
v 1.24992847 -2.28852534 1.00814688
v 1.35147857 -2.30444622 1.01391804
v 1.43963933 -2.30632734 1.01945507
v 1.34999406 -2.29336667 1.06374371
v 1.43862795 -2.30058884 1.06767165
v 1.35231542 -2.26950669 1.10725843
v 1.43965232 -2.28197169 1.11097776
v 1.36036086 -2.2341001 1.13885259
v 1.44547462 -2.24982023 1.14104163
v 1.37332499 -2.19134497 1.15457284
v 1.45532798 -2.20989418 1.15754103
v 1.38902008 -2.14722442 1.15493965
v 1.46685373 -2.16672682 1.15754199
v 1.40632283 -2.1067214 1.13495302
v 1.47942376 -2.12707877 1.13660728
v 1.54980313 -2.14629435 1.129956
v 1.49184942 -2.09296417 1.10666668
v 1.55863845 -2.11585044 1.10192668
v 1.50239813 -2.06940746 1.06641197
v 1.5662918 -2.09505128 1.06575572
v 1.42303979 -2.07330846 1.10350143
v 1.43790769 -2.04996156 1.06068956
v 1.35591816 -2.05000901 1.09606635
v 1.33312678 -2.08232426 1.12891542
v 1.26468384 -2.04666352 1.11958956
v 1.31067585 -2.12170052 1.14754152
v 1.23393797 -2.08406376 1.13972914
v 1.16769135 -2.03377032 1.12934887
v 1.20611619 -2.12633824 1.14377665
v 1.12975156 -2.06876111 1.13522315
v 1.06722831 -1.99457705 1.12670517
v 1.09535455 -2.10458827 1.12289083
v 1.02454245 -2.0227642 1.11576175
v 0.96991837 -1.92910122 1.1126852
v 0.99114275 -2.04548239 1.0841645
v 0.92883867 -1.94390893 1.08136296
v 0.89315247 -1.83225715 1.08651232
v 0.90175753 -1.95369541 1.03505873
v 0.86252981 -1.83342731 1.03774905
v 0.86529451 -1.71283388 1.04651808
v 0.8456754 -1.83424055 0.97944378
v 0.84946656 -1.70867729 0.98632335
v 0.87556582 -1.59743797 0.99613833
v 0.84830737 -1.70722615 0.91735315
v 0.87385386 -1.59579753 0.92482256
v 0.90412563 -1.49687802 0.92991668
v 0.89190787 -1.59831869 0.84882891
v 0.92171812 -1.50094652 0.85306698
v 0.95208984 -1.41512608 0.85634738
v 0.96081244 -1.50865232 0.78381061
v 0.99110478 -1.42343723 0.78924274
v 1.0200783 -1.34933495 0.79360127
v 1.04423511 -1.43445503 0.73774659
v 1.07246327 -1.36040782 0.74508607
v 1.09324646 -1.30799686 0.75366765
v 1.13314855 -1.37524592 0.71353042
v 1.15062403 -1.317317 0.72090882
v 1.1577754 -1.28172349 0.72499674
v 1.21351409 -1.32915568 0.70477432
v 1.22070634 -1.28425765 0.70728212
v 1.21909189 -1.25309073 0.70337796
v 1.28710496 -1.28811776 0.70490074
v 1.28474104 -1.24644088 0.69951272
v 1.27327311 -1.21060359 0.68096566
v 1.35172975 -1.23251307 0.71199113
v 1.33786869 -1.1841464 0.68798923
v 1.31305086 -1.14094126 0.64772313
v 1.40043532 -1.15227866 0.7105298
v 1.36907017 -1.09678542 0.66446977
v 1.3232057 -1.05017924 0.61061948
v 1.40838408 -1.0469774 0.69829982
v 1.35804987 -0.9935944 0.64318889
v 1.30842208 -0.94639623 0.59180766
v 1.37494146 -0.93756032 0.6937989
v 1.32401442 -0.88706755 0.64278984
v 1.28073442 -0.83923542 0.59280765
v 1.31970596 -0.83503216 0.70421189
v 1.27371263 -0.78448516 0.65471333
v 1.23336052 -0.73453193 0.60454124
v 1.2479192 -0.74181789 0.72261148
v 1.20489633 -0.68937325 0.67289453
v 1.1671127 -0.63661921 0.62255376
v 1.16214788 -0.6593793 0.74530077
v 1.12151849 -0.60338187 0.69765919
v 1.10996604 -0.64610976 0.81883519
v 1.06499421 -0.58662933 0.77690017
v 1.0477885 -0.65696412 0.88554966
v 0.99752736 -0.5943619 0.85157877
v 0.97827798 -0.69178539 0.93438601
v 0.9241622 -0.62704414 0.90807849
v 0.87178123 -0.55722266 0.88145637
v 0.84899842 -0.68154144 0.93375605
v 0.90717899 -0.74435752 0.95840573
v 0.84162592 -0.8092314 0.95434027
v 0.7802813 -0.74971067 0.92787092
v 0.79134506 -0.87843936 0.92382019
v 0.72841978 -0.82315403 0.89238166
v 0.76088142 -0.94515192 0.87497925
v 0.69850617 -0.89271259 0.83718591
v 0.63411986 -0.84312558 0.80105203
v 0.68792343 -0.95466822 0.77197849
v 0.62586748 -0.90691202 0.73160958
v 0.56120288 -0.86707538 0.69508731
v 0.56611377 -0.80203551 0.76731979
v 0.48905515 -0.8420794 0.66864293
v 0.49233031 -0.77825379 0.74701678
v 0.41227141 -0.83585196 0.65567618
v 0.41499421 -0.77490204 0.74338996
v 0.42615291 -0.70322352 0.81897151
v 0.33982098 -0.78217423 0.74968028
v 0.35190409 -0.7176674 0.83702594
v 0.36726751 -0.64229679 0.91002142
v 0.43952384 -0.62513202 0.88322931
v 0.37367978 -0.55180627 0.95074373
v 0.44429656 -0.5378704 0.9235422
v 0.37020248 -0.45228314 0.96232259
v 0.43465837 -0.44161549 0.93928158
v 0.35429009 -0.35346671 0.95016193
v 0.40994042 -0.35187336 0.93203306
v 0.33229574 -0.27079615 0.92326068
v 0.38046649 -0.28466829 0.90722066
v 0.32654327 -0.19766959 0.88245219
v 0.35536259 -0.22108909 0.85880279
v 0.34378057 -0.10764941 0.83157044
v 0.35536944 -0.12586541 0.79873108
v 0.36538463 -0.00362087 0.80124795
v 0.38156577 -0.01244415 0.76296401
v 0.41489923 -0.02515609 0.74673265
v 0.42415496 0.09245643 0.75511509
v 0.4621824 0.07778403 0.7364301
v 0.50122976 0.05900901 0.74612963
v 0.45228967 -0.03273127 0.76599019
v 0.39277312 0.09722214 0.79680413
v 0.43735402 0.17740413 0.79107034
v 0.38751137 0.1873832 0.83993428
v 0.43514218 0.27596175 0.81966745
v 0.51593017 0.25953155 0.76801496
v 0.36452639 0.10118007 0.84668767
v 0.32068315 0.12265235 0.89735019
v 0.32401844 0.21689592 0.88100332
v 0.34975355 0.00847919 0.85257738
v 0.32303446 0.02869562 0.91278457
v 0.26753807 0.05287836 0.9529581
v 0.33356052 -0.08367872 0.87449616
v 0.3114075 -0.05528 0.93168777
v 0.26615586 -0.03656418 0.97746336
v 0.20964679 -0.02950657 0.99328017
v 0.20442485 0.06185722 0.961241
v 0.2959451 -0.14099586 0.96670156
v 0.25344532 -0.13184945 1.00699889
v 0.20283071 -0.12542778 1.02179169
v 0.15731594 -0.12388138 1.01191604
v 0.15810518 -0.03348704 0.98287206
v 0.23242449 -0.24278093 1.02850937
v 0.19014002 -0.23604051 1.03819286
v 0.15033841 -0.22871209 1.03055191
v 0.11785317 -0.22083735 1.00389599
v 0.12087681 -0.12513296 0.98715925
v 0.1356226 -0.34357911 1.02185237
v 0.10742333 -0.32318919 0.99812454
v 0.08454766 -0.30113089 0.96360147
v 0.09658894 -0.21426865 0.9677003
v 0.08789222 -0.44149136 0.99316227
v 0.06635478 -0.40837109 0.97115439
v 0.05170472 -0.37344718 0.94078058
v 0.04149377 -0.33886861 0.9029718
v 0.06783571 -0.27868855 0.92124813
v 0.0595272 -0.20116563 0.87059372
v 0.07782909 -0.20670361 0.9227761
v 0.06072822 -0.14543129 0.85421437
v 0.0792832 -0.1388456 0.90660101
v 0.09737062 -0.13092227 0.9505831
v 0.12005751 -0.04551968 0.95797628
v 0.11260182 0.034587 0.91908913
v 0.14999219 0.05429712 0.94705063
v 0.09832283 0.10112039 0.86685299
v 0.05023185 0.08102695 0.79134517
v 0.06703728 0.15952257 0.82003974
v 0.03964116 -0.01253609 0.78636091
v 0.0354572 -0.09546852 0.79733783
v 0.03510197 -0.14962405 0.80778968
v 0.03582354 -0.20260174 0.81933027
v 0.27691286 -0.24531216 0.99854141
v 0.3169907 -0.16494916 0.91778242
v 0.30657607 -0.25462919 0.95269984
v 0.3057934 -0.35436493 0.97740787
v 0.3077341 -0.46234321 0.98595607
v 0.30259043 -0.56678915 0.97472631
v 0.29530993 -0.66006463 0.9318068
v 0.2172901 -0.67858749 0.94280815
v 0.27920013 -0.73398929 0.85479325
v 0.20167388 -0.74894237 0.86378938
v 0.10795612 -0.76167976 0.86336123
v 0.1185125 -0.70034456 0.93820482
v 0.09732592 -0.81244742 0.77006661
v 0.09003323 -0.86291539 0.66763019
v 0.08712267 -0.90304356 0.55427259
v 0.08766949 -0.93013232 0.43542593
v 0.08925323 -0.94657528 0.31825131
v 0.09008219 -0.95639348 0.21077792
v 0.09011843 -0.96194285 0.10477518
v 0.08980185 -0.96355623 -0.00225253
v 0.0895998 -0.96209955 -0.10980267
v 0.08954078 -0.95713996 -0.21728125
v 0.08956556 -0.9481306 -0.32456046
v 0.0893008 -0.93290621 -0.43131512
v 0.08811976 -0.91037756 -0.5371021
v 0.08542017 -0.87891566 -0.64162147
v 0.08135775 -0.83751952 -0.7446081
v 0.07715766 -0.78476733 -0.84926956
v 0.07517142 -0.71729886 -0.95321744
v 0.07782934 -0.63733714 -1.05084717
v 0.08661536 -0.55905991 -1.14363026
v 0.10202211 -0.47067609 -1.21356761
v 0.11382044 -0.37614175 -1.24331963
v 0.12127188 -0.28649401 -1.23560595
v 0.12751661 -0.20380336 -1.20874714
v 0.13142475 -0.13055093 -1.17894673
v 0.13267485 -0.0578023 -1.14951908
v 0.13244018 0.01682193 -1.12295925
v 0.13159421 0.09422276 -1.10072195
v 0.13035285 0.17437687 -1.08083701
v 0.12909895 0.25667738 -1.06221938
v 0.12930931 0.34272593 -1.05839633
v 0.1309345 0.43162044 -1.06624603
v 0.13125157 0.52296423 -1.05924117
v 0.12957775 0.61404222 -1.03536391
v 0.1266023 0.70404106 -1.00016784
v 0.12249729 0.79295903 -0.95470398
v 0.11747124 0.88070911 -0.90016454
v 0.11233475 0.96913611 -0.84074884
v 0.10719015 1.05963349 -0.77557981
v 0.10283439 1.15298962 -0.70589661
v 0.10000565 1.24892556 -0.63279473
v 0.09881587 1.34338271 -0.55636262
v 0.09933427 1.42908895 -0.48142436
v 0.10154835 1.50721323 -0.40452614
v 0.10537449 1.57409834 -0.32217755
v 0.10924582 1.62349224 -0.23304137
v 0.11258925 1.65201354 -0.14020922
v 0.1150239 1.66266477 -0.04810168
v 0.11704172 1.66206479 0.03966425
v 0.11812905 1.65219664 0.12391961
v 0.11751794 1.63301277 0.20404641
v 0.1151372 1.60502028 0.27962803
v 0.11125895 1.56956279 0.34971752
v 0.10689403 1.53329873 0.41898778
v 0.1008873 1.49166894 0.48468622
v 0.09012801 1.43787109 0.54250264
v 0.07830505 1.36838305 0.5833863
v 0.06847053 1.28923654 0.60476976
v 0.06180147 1.21016001 0.60346108
v 0.05758394 1.13776469 0.5773431
v 0.05416791 1.07587111 0.53020936
v 0.0527665 1.02299356 0.47031742
v 0.05159768 0.97274929 0.40547868
v 0.04918038 0.92099553 0.33728244
v 0.04197924 0.86335724 0.26512375
v 0.03486019 0.78868091 0.19334091
v 0.03352398 0.71552342 0.15043093
v 0.03355522 0.67561525 0.14643442
v 0.03355639 0.64208024 0.15428581
v 0.03226803 0.61599361 0.16854171
v 0.0303167 0.5938096 0.18573226
v 0.02783336 0.57459199 0.20503792
v 0.02510785 0.5587576 0.22838971
v 0.02513366 0.54477679 0.25875186
v 0.03135031 0.53180849 0.32652446
v 0.04305409 0.52675527 0.40928995
v 0.05738299 0.52496737 0.49302983
v 0.06667502 0.52370393 0.58126616
v 0.07717867 0.52232408 0.6713823
v 0.09418318 0.50779026 0.75978869
v 0.14805232 0.54650515 0.65502715
v 0.17914836 0.53736716 0.7421509
v 0.20669785 0.58096122 0.63249415
v 0.24759909 0.58559101 0.71130222
v 0.30864781 0.56596326 0.77640497
v 0.29358494 0.64103651 0.68077313
v 0.359153 0.64583802 0.73816543
v 0.44086217 0.63782906 0.76576107
v 0.3790428 0.71680742 0.70754867
v 0.45635861 0.72621113 0.73368525
v 0.5413689 0.73337268 0.73217648
v 0.52806156 0.63036799 0.76257294
v 0.61753201 0.74438345 0.71230876
v 0.60982793 0.62784338 0.73742854
v 0.5704 0.50368762 0.76745009
v 0.68195509 0.63161343 0.69569051
v 0.64960706 0.49819618 0.72034335
v 0.58864855 0.36950591 0.74476295
v 0.5029658 0.38071334 0.79648679
v 0.71770328 0.5009343 0.66284161
v 0.66427284 0.36265304 0.6870808
v 0.77432131 0.50972187 0.59729003
v 0.73026621 0.36051112 0.6255638
v 0.82523471 0.52510374 0.5262131
v 0.80005115 0.38355717 0.55050528
v 0.87534773 0.54536956 0.45307284
v 0.85947454 0.40920609 0.47240117
v 0.8456943 0.28014764 0.49728784
v 0.91790151 0.43579304 0.3954496
v 0.89958125 0.31186977 0.40758004
v 0.90967506 0.20224717 0.42928448
v 0.85550946 0.17310316 0.52613878
v 0.9482966 0.34031909 0.32041865
v 0.95036417 0.22963772 0.33354342
v 0.98584628 0.36650478 0.23061595
v 0.97719389 0.25759324 0.23618526
v 1.0161699 0.39165535 0.1368471
v 1.00075793 0.28483444 0.13778729
v 1.03595578 0.41639632 0.03776649
v 1.02224636 0.31129673 0.03755212
v 1.02081811 0.2135774 0.03632067
v 1.03284025 0.33775708 -0.06651198
v 1.02152276 0.24337913 -0.07036155
v 1.03899014 0.1554522 -0.07758678
v 1.01445388 0.27274492 -0.17880067
v 1.02184426 0.18421788 -0.18741691
v 1.0507754 0.10444542 -0.20223103
v 0.99581009 0.21387693 -0.29632285
v 1.01949536 0.13177461 -0.31183022
v 1.05137372 0.05366747 -0.33230504
v 1.08305144 0.02825095 -0.22127781
v 1.07910084 -0.02534892 -0.35574233
v 1.1105318 -0.04916591 -0.2434965
v 1.10236334 -0.10939122 -0.38028612
v 1.13221836 -0.12893906 -0.2654069
v 1.14584565 -0.21060435 -0.28121578
v 1.14755618 -0.29806193 -0.28772518
v 1.13159406 -0.4032225 -0.28464573
v 1.08157885 -0.51702892 -0.35910764
v 1.09295749 -0.51194953 -0.27676561
v 1.10635995 -0.51639241 -0.19334705
v 1.03796923 -0.62103301 -0.26926595
v 1.04610979 -0.62078493 -0.19467258
v 1.05623245 -0.62820738 -0.1205125
v 0.96184331 -0.71554935 -0.1933031
v 0.96751332 -0.7172116 -0.12289422
v 0.97432422 -0.72425323 -0.05322556
v 0.86502373 -0.79226332 -0.12061815
v 0.86943769 -0.7924025 -0.05027232
v 0.87628531 -0.79669117 0.01877578
v 0.76068866 -0.8499704 -0.04245282
v 0.76757413 -0.84763741 0.03037059
v 0.78078407 -0.85000622 0.10226939
v 0.66013479 -0.88929051 0.04889308
v 0.67496615 -0.88647073 0.12752363
v 0.70081454 -0.89026212 0.20231545
v 0.55429101 -0.9190095 0.07064812
v 0.65160042 -0.89437156 -0.03172289
v 0.54562449 -0.92415845 -0.02032357
v 0.44871452 -0.94088172 -0.01277849
v 0.45356574 -0.93655663 0.08865534
v 0.35847041 -0.95084577 -0.00878947
v 0.3628903 -0.94696378 0.09687378
v 0.26906421 -0.95692491 -0.00675346
v 0.27156007 -0.95436 0.10048189
v 0.27365121 -0.94724303 0.207309
v 0.27138581 -0.93718987 0.31534475
v 0.18057781 -0.95906829 0.10299824
v 0.18102063 -0.95332294 0.20972916
v 0.17930556 -0.94351571 0.3181262
v 0.17542667 -0.92701208 0.43291962
v 0.26329037 -0.92092633 0.42960259
v 0.17263495 -0.89951759 0.55068868
v 0.25584316 -0.89299148 0.54660618
v 0.33973249 -0.88426452 0.54684418
v 0.41991621 -0.8801127 0.55488807
v 0.25549984 -0.84991055 0.65823507
v 0.33529511 -0.84086519 0.65406984
v 0.26237785 -0.79212772 0.75918781
v 0.1751119 -0.85814476 0.66392087
v 0.18484839 -0.80283308 0.76653903
v 0.49869698 -0.88860738 0.57807385
v 0.57139098 -0.9158793 0.61370223
v 0.59910452 -0.94786894 0.52909499
v 0.66304153 -0.98856204 0.57744771
v 0.64609181 -0.9600479 0.45100355
v 0.63613766 -0.95556372 0.6550455
v 0.69660937 -1.00436639 0.69983822
v 0.7501195 -1.00517094 0.81428998
v 0.82503277 -0.9933291 0.91587668
v 0.85310554 -0.92938947 0.96029293
v 0.91877847 -0.97366261 0.99923718
v 0.90005922 -0.86199921 0.98699802
v 0.96163779 -0.9093281 1.02382433
v 1.02877736 -0.95837688 1.05948388
v 1.01955616 -0.85074287 1.02716207
v 1.08364582 -0.90537482 1.06448316
v 1.14722359 -0.9643979 1.09831452
v 1.14661431 -0.86154031 1.04637765
v 1.21052575 -0.92707222 1.08703851
v 1.26508498 -1.0068798 1.1274755
v 1.27465391 -0.90485042 1.05399394
v 1.32980704 -0.99233305 1.10267722
v 1.35673868 -1.10456275 1.14728653
v 1.38871586 -0.99046528 1.05941367
v 1.41612601 -1.11183941 1.10768091
v 1.39890217 -1.24088394 1.13106966
v 1.46208584 -1.12310707 1.05161654
v 1.44285655 -1.25577223 1.07579064
v 1.39508903 -1.36833632 1.07708239
v 1.47536456 -1.26947653 1.01113522
v 1.42859137 -1.38000857 1.01229476
v 1.37426006 -1.46870505 1.0004462
v 1.44734919 -1.38551533 0.94250738
v 1.39717912 -1.47137165 0.93200999
v 1.34869515 -1.54210388 0.92108213
v 1.40378022 -1.46822416 0.86564421
v 1.35617816 -1.5401051 0.85762381
v 1.3168739 -1.60733425 0.85174953
v 1.34739661 -1.53284537 0.7988342
v 1.30898451 -1.60246002 0.79398733
v 1.27730929 -1.66979014 0.79248428
v 1.28362858 -1.5919317 0.74516558
v 1.25176942 -1.663486 0.74481749
v 1.23303079 -1.73418903 0.74595147
v 1.21215915 -1.65375876 0.70894855
v 1.19285702 -1.73105537 0.70935851
v 1.18589508 -1.80635106 0.71443468
v 1.1416856 -1.72772741 0.68897163
v 1.13535237 -1.81050503 0.69482308
v 1.14900171 -1.89247238 0.70860499
v 1.08069109 -1.81538021 0.69091856
v 1.09924244 -1.90467739 0.70704805
v 1.13621521 -1.98920941 0.72449564
v 1.04838383 -1.91752171 0.71952366
v 1.09457004 -2.00800776 0.73826789
v 1.15144383 -2.09133696 0.75359165
v 1.0522139 -2.02790188 0.7659803
v 1.11773514 -2.11495518 0.78145897
v 1.19453394 -2.19129252 0.79596531
v 1.08644151 -2.13946747 0.82193988
v 1.1730386 -2.21691823 0.8345682
v 1.06061756 -2.15975737 0.87508142
v 1.15580081 -2.23725605 0.88437974
v 1.04495036 -2.17086148 0.93580818
v 1.14483249 -2.24728417 0.94336956
v 1.04241752 -2.16926956 0.99472129
v 1.1425414 -2.24384594 1.00166118
v 1.0511204 -2.15658044 1.0473895
v 1.14757704 -2.22891449 1.05317699
v 1.25127887 -2.27218389 1.05817925
v 1.15968322 -2.20346546 1.0980612
v 1.25718021 -2.24721312 1.10372817
v 1.17982769 -2.16798043 1.13065338
v 1.27019882 -2.21025228 1.13539469
v 1.28891634 -2.16546726 1.15205276
v 1.06875646 -2.13513922 1.09176218
v 0.96963816 -2.06137251 1.03958749
v 0.95928245 -2.07047605 0.98633348
v 0.88789576 -1.95948982 0.97937089
v 0.96177208 -2.07177949 0.9274429
v 0.88965314 -1.96071887 0.91686862
v 0.84573614 -1.83427345 0.91261035
v 0.91085445 -1.95598387 0.85073173
v 0.86615377 -1.83296561 0.84005427
v 0.86786037 -1.7083112 0.84321647
v 0.90928751 -1.83004283 0.77672314
v 0.90899086 -1.71150648 0.77655845
v 0.93278199 -1.60477447 0.78027766
v 0.96595889 -1.71586322 0.72583651
v 0.987212 -1.61289453 0.72755569
v 1.01499629 -1.51911866 0.73180711
v 1.04704594 -1.62244308 0.69693332
v 1.07507014 -1.53150749 0.7011944
v 1.10487318 -1.44849538 0.70562303
v 1.13470375 -1.54556787 0.68655312
v 1.16623067 -1.46518433 0.69346267
v 1.19500398 -1.39140093 0.69830298
v 1.22339069 -1.48296785 0.69736433
v 1.25566053 -1.40977335 0.70159459
v 1.27835047 -1.34325468 0.70566958
v 1.31119597 -1.42796385 0.72117787
v 1.34021127 -1.35553109 0.72429841
v 1.35267949 -1.29082679 0.72218382
v 1.39380395 -1.36778795 0.76035291
v 1.41406321 -1.28948509 0.7563104
v 1.41530168 -1.21645116 0.74034953
v 1.4609009 -1.28904783 0.80728954
v 1.46980059 -1.19944977 0.78879749
v 1.45066106 -1.1145277 0.74983394
v 1.49923074 -1.17832553 0.8487966
v 1.47616958 -1.07758331 0.80423665
v 1.42833495 -0.99847149 0.74962896
v 1.48247325 -1.04389512 0.86858385
v 1.43041169 -0.95625424 0.8124153
v 1.37219035 -0.88955247 0.7557404
v 1.41344094 -0.92355048 0.87965333
v 1.35202062 -0.85387575 0.82302266
v 1.29626274 -0.79601532 0.77187001
v 1.31731653 -0.83196389 0.89045417
v 1.2598325 -0.77209121 0.84061312
v 1.20921802 -0.71412134 0.79307854
v 1.2126044 -0.76304471 0.90713691
v 1.16000008 -0.70442175 0.86245888
v 1.15353035 -0.77300524 0.96547353
v 1.10034883 -0.71461707 0.92457276
v 1.08657527 -0.80350887 1.00693905
v 1.03170216 -0.74800646 0.96908646
v 0.96230292 -0.79903352 0.99065208
v 1.2108947 -0.83457434 1.00802433
v 1.26992905 -0.8245778 0.95421117
v 1.3331151 -0.89663416 1.00493574
v 1.38009238 -0.90370166 0.94512641
v 1.43517613 -0.99955642 1.00243783
v 1.46748733 -1.0174216 0.93775528
v 1.49298846 -1.13932573 0.98586821
v 1.5066204 -1.1580863 0.91556716
v 1.4896382 -1.2798115 0.9405719
v 1.48590672 -1.28658008 0.871706
v 1.44920527 -1.38486516 0.87350755
v 1.43052387 -1.37819743 0.81025779
v 1.39060437 -1.45896887 0.80473643
v 1.35851216 -1.44471097 0.75502783
v 1.31939351 -1.51919853 0.75055742
v 1.27656972 -1.50173521 0.71555411
v 1.2417202 -1.57697236 0.71142959
v 1.19065916 -1.56112134 0.69103592
v 1.1616311 -1.64317905 0.68915641
v 1.1056534 -1.63281297 0.68490421
v 1.084939 -1.72393393 0.68402707
v 1.02638411 -1.71968901 0.69572407
v 1.02334237 -1.8204869 0.70168644
v 0.96471363 -1.82568347 0.72859054
v 0.99773871 -1.9321841 0.74663341
v 0.94983512 -1.94574773 0.79112803
v 1.01255142 -2.04797434 0.80862921
v 0.97997915 -2.06413769 0.8650614
v 0.17957149 -0.96056479 -0.00439919
v 0.26838237 -0.95621889 -0.11381809
v 0.17907287 -0.95932954 -0.11199819
v 0.26867869 -0.95304036 -0.22055317
v 0.1791037 -0.9550597 -0.21917191
v 0.26919016 -0.94673687 -0.32739639
v 0.17932504 -0.94684636 -0.32629948
v 0.26972672 -0.93641209 -0.43518012
v 0.17916345 -0.93320643 -0.4334006
v 0.26860794 -0.91986632 -0.54352092
v 0.17727585 -0.91250842 -0.53947663
v 0.26059842 -0.89481586 -0.65028673
v 0.17198373 -0.88344889 -0.64374941
v 0.24537502 -0.85969477 -0.75649946
v 0.16327136 -0.84494906 -0.74776327
v 0.22924463 -0.81189292 -0.86372882
v 0.15395961 -0.79418861 -0.85363054
v 0.22106608 -0.7503494 -0.96712815
v 0.14909295 -0.72959524 -0.95773387
v 0.22723847 -0.6728329 -1.05824267
v 0.15427129 -0.65008008 -1.0522269
v 0.24837923 -0.58854037 -1.13447725
v 0.17009706 -0.56871575 -1.13779008
v 0.28380537 -0.49975097 -1.19156992
v 0.19683995 -0.47991445 -1.20358347
v 0.32932707 -0.40263494 -1.21568656
v 0.22499844 -0.3811343 -1.23256623
v 0.36396452 -0.31158971 -1.20281493
v 0.2439922 -0.29281905 -1.22330474
v 0.38494715 -0.23057243 -1.17031228
v 0.25702795 -0.21310456 -1.19557213
v 0.39557236 -0.15490627 -1.13271176
v 0.26431214 -0.13877679 -1.16168773
v 0.39738467 -0.08098739 -1.09753143
v 0.26589581 -0.06627307 -1.12980771
v 0.39381855 -0.00508955 -1.06687867
v 0.26455974 0.00851789 -1.10174214
v 0.38846233 0.07371759 -1.0413146
v 0.26199492 0.08630251 -1.07834565
v 0.38286441 0.15550015 -1.0201255
v 0.25901126 0.16712155 -1.05827546
v 0.37788203 0.23892083 -1.00126385
v 0.25624439 0.25012657 -1.04043996
v 0.37731683 0.32538601 -0.99295437
v 0.25626671 0.33624324 -1.03401279
v 0.38289177 0.4143871 -0.99849498
v 0.2596803 0.42501917 -1.03943634
v 0.38405495 0.50565338 -0.99181789
v 0.26031497 0.51597976 -1.03260707
v 0.3795863 0.59749186 -0.9707244
v 0.25699928 0.60725998 -1.009696
v 0.37067404 0.68831819 -0.93748766
v 0.25099194 0.69744199 -0.97525042
v 0.3584989 0.77759468 -0.89413416
v 0.2427542 0.78621304 -0.93065434
v 0.34393191 0.86561155 -0.84236401
v 0.23290738 0.87406081 -0.8776974
v 0.32857883 0.95436877 -0.78527748
v 0.22249329 0.96280622 -0.81947362
v 0.31337988 1.04448258 -0.7226364
v 0.21236383 1.05350911 -0.75592035
v 0.30055853 1.13676464 -0.65582937
v 0.20374454 1.1467483 -0.68749493
v 0.29071551 1.22847354 -0.58323234
v 0.19787865 1.24133241 -0.61537873
v 0.28683793 1.31669044 -0.50763231
v 0.19548736 1.33334279 -0.54002803
v 0.2879619 1.39448452 -0.42886316
v 0.19660203 1.41694021 -0.46326726
v 0.20126207 1.49029827 -0.38450172
v 0.2939614 1.45918571 -0.34739765
v 0.30298766 1.50820446 -0.26552006
v 0.20856973 1.55164992 -0.30153298
v 0.37082317 1.36473512 -0.38092652
v 0.37769028 1.416556 -0.29949647
v 0.38747113 1.45071792 -0.22062593
v 0.39975407 1.47211551 -0.14247539
v 0.31185519 1.53886437 -0.1815283
v 0.45549753 1.36485123 -0.24638918
v 0.46813279 1.38458788 -0.17386925
v 0.48097789 1.39353787 -0.10230615
v 0.49306854 1.39426004 -0.03095499
v 0.41052082 1.48119044 -0.06455818
v 0.54745769 1.30789864 -0.1320801
v 0.56241422 1.30696106 -0.06851264
v 0.57537519 1.30139219 -0.00264619
v 0.58536839 1.29220402 0.06494966
v 0.50258177 1.38849544 0.04081887
v 0.64805769 1.21132755 -0.04658844
v 0.66141969 1.20276498 0.01609277
v 0.66933703 1.19115197 0.08188238
v 0.67167598 1.17755723 0.15020506
v 0.58918947 1.2783817 0.13412924
v 0.74875873 1.09606707 0.02417118
v 0.75459903 1.08522605 0.09183558
v 0.75389844 1.07246363 0.16171746
v 0.74697363 1.05834317 0.23241873
v 0.6674695 1.16227519 0.21977725
v 0.83619278 0.97538524 0.09704255
v 0.83317935 0.96352839 0.17116677
v 0.82358717 0.95045661 0.24519312
v 0.80459421 0.93568766 0.31760609
v 0.73295503 1.04350388 0.30242851
v 0.90347242 0.85117197 0.18097096
v 0.8917396 0.83781421 0.26045259
v 0.86809402 0.82178759 0.33682084
v 0.83372277 0.8051247 0.40705114
v 0.77808773 0.92173868 0.38706022
v 0.94434088 0.71859854 0.27881059
v 0.91336643 0.69938379 0.35966411
v 0.86903995 0.67947673 0.43085736
v 0.82978349 0.66380089 0.50246226
v 0.80335247 0.79372888 0.47780454
v 0.93044173 0.56889855 0.38184601
v 0.97102749 0.59093338 0.29866811
v 0.96844875 0.46059358 0.314058
v 0.99483549 0.61070352 0.21044841
v 1.0036633 0.48422095 0.2246418
v 1.00612914 0.62906712 0.11849867
v 1.02373111 0.50785028 0.13058096
v 1.00897729 0.64605772 0.02501162
v 1.03452181 0.52949571 0.03331939
v 1.001814 0.66103959 -0.0688252
v 1.03267538 0.54935199 -0.06688687
v 1.04301059 0.44027939 -0.06553131
v 1.01729178 0.56797981 -0.16937772
v 1.03371298 0.46362873 -0.17275372
v 1.02865421 0.36490422 -0.17504641
v 1.00801813 0.48937577 -0.28185197
v 1.00797414 0.39408832 -0.28632211
v 0.99520283 0.30284553 -0.28904902
v 0.97164285 0.42588701 -0.39822125
v 0.96217644 0.33422741 -0.39948716
v 0.9570415 0.24475511 -0.40350425
v 0.91500818 0.36720907 -0.50796496
v 0.90823215 0.27724817 -0.50987428
v 0.921229 0.19163222 -0.52323585
v 0.97690254 0.16107161 -0.41883349
v 0.94878292 0.11241092 -0.5461505
v 1.0077337 0.08210801 -0.44019064
v 0.97549021 0.03330051 -0.57156324
v 1.03605806 0.00218612 -0.46388167
v 0.99758589 -0.04657713 -0.59959322
v 1.06058442 -0.08087436 -0.48893946
v 0.89635008 0.06181537 -0.67314213
v 0.91495251 -0.016478 -0.70347952
v 0.92945557 -0.09432467 -0.7384783
v 0.8218953 0.00632111 -0.79393208
v 0.83511436 -0.07256273 -0.82979482
v 0.84429389 -0.15332399 -0.86954587
v 0.9381088 -0.17263795 -0.77779805
v 0.93920648 -0.25403288 -0.82125926
v 0.94407868 -0.33572027 -0.86727678
v 1.01382148 -0.36877435 -0.78175103
v 0.96556103 -0.40980774 -0.91770547
v 1.03149843 -0.43780556 -0.84069407
v 1.07273435 -0.4902378 -0.76780629
v 1.05848014 -0.42699381 -0.70164245
v 1.08873117 -0.56091988 -0.70481377
v 1.07528841 -0.50759995 -0.637223
v 1.08190703 -0.64331644 -0.65348023
v 1.06685411 -0.60010492 -0.58826673
v 1.06515371 -0.56115144 -0.51568096
v 1.07122874 -0.53214252 -0.4389134
v 1.03341543 -0.69377905 -0.55487895
v 1.02634608 -0.66450589 -0.48693543
v 1.02681303 -0.64242202 -0.41555786
v 1.03094732 -0.62802964 -0.34283334
v 0.96564221 -0.75846117 -0.47228884
v 0.95922446 -0.7405641 -0.40331256
v 0.9574607 -0.72794753 -0.33372166
v 0.95812326 -0.71906048 -0.2635281
v 0.87472724 -0.82320022 -0.40417504
v 0.86731296 -0.81202465 -0.33351585
v 0.86346739 -0.80259281 -0.26250511
v 0.86279237 -0.79568874 -0.19155442
v 0.76805913 -0.87982648 -0.34370407
v 0.76119089 -0.87059652 -0.26795694
v 0.75783282 -0.86207872 -0.19205766
v 0.75757837 -0.85500794 -0.11702599
v 0.65401828 -0.91427719 -0.28099468
v 0.65044957 -0.90797305 -0.19685924
v 0.64926803 -0.90097755 -0.11358619
v 0.54568636 -0.93296593 -0.20461614
v 0.54431772 -0.92944872 -0.11232256
v 0.44837304 -0.94476562 -0.21238152
v 0.44761541 -0.94325691 -0.11287906
v 0.35750144 -0.95029175 -0.21854947
v 0.3570804 -0.95144903 -0.11367977
v 0.45006477 -0.94527071 -0.31373447
v 0.3587135 -0.94678789 -0.32403177
v 0.45199915 -0.94472438 -0.41861745
v 0.36020967 -0.94162648 -0.43207874
v 0.54879295 -0.9366036 -0.29788765
v 0.55437547 -0.93964099 -0.39296075
v 0.66103172 -0.92038649 -0.36553865
v 0.67277413 -0.92548888 -0.4486196
v 0.77893078 -0.8879705 -0.41886559
v 0.79436492 -0.89659166 -0.49239459
v 0.6923244 -0.93343061 -0.52832251
v 0.8177731 -0.91042631 -0.56167823
v 0.72259712 -0.9446215 -0.60093963
v 0.85014599 -0.93435764 -0.62282759
v 0.76176667 -0.96902012 -0.66294693
v 0.67460095 -0.98635411 -0.72023916
v 0.80944597 -1.00179052 -0.71856993
v 0.73126351 -1.0198102 -0.77494293
v 0.6640827 -1.01937484 -0.84573829
v 0.59893333 -0.98563206 -0.79600256
v 0.61242502 -1.00423371 -0.92652261
v 0.54328995 -0.96826207 -0.8837707
v 0.57815718 -0.97597372 -1.01231491
v 0.50665628 -0.93747443 -0.97654759
v 0.43764245 -0.900913 -0.93997234
v 0.37029215 -0.86675715 -0.90649408
v 0.49005702 -0.89272517 -1.06864631
v 0.41943165 -0.8530029 -1.03653323
v 0.35305988 -0.81488943 -1.00741231
v 0.28814849 -0.7799794 -0.98387199
v 0.30228251 -0.83590084 -0.88103258
v 0.42225295 -0.78982901 -1.12051606
v 0.35787701 -0.74573344 -1.09376955
v 0.29413619 -0.70625835 -1.07284617
v 0.38804617 -0.66423261 -1.15740621
v 0.32052162 -0.62211018 -1.14118707
v 0.4395194 -0.57543307 -1.1847471
v 0.36436572 -0.53259223 -1.18146979
v 0.49965962 -0.4845092 -1.17845141
v 0.41952818 -0.44049233 -1.19459748
v 0.4714573 -0.34604814 -1.17361772
v 0.50665199 -0.2572973 -1.13422453
v 0.521999 -0.17763781 -1.09348392
v 0.64182823 -0.12222564 -1.00460362
v 0.52412867 -0.10089903 -1.05541002
v 0.6322385 -0.03985758 -0.96794807
v 0.51755493 -0.0220154 -1.02209973
v 0.62038993 0.04166493 -0.93661248
v 0.50849252 0.0583837 -0.9934563
v 0.60764175 0.12373103 -0.9084506
v 0.49943292 0.14061354 -0.9693048
v 0.59510421 0.20586638 -0.88215941
v 0.49096569 0.22396971 -0.94706106
v 0.58997279 0.29206851 -0.86695349
v 0.48883226 0.31054228 -0.93587577
v 0.59978067 0.38205 -0.87162226
v 0.49671918 0.39989402 -0.94101417
v 0.60433918 0.47429558 -0.86909943
v 0.49966785 0.49169132 -0.93684333
v 0.60008823 0.56820011 -0.85360187
v 0.49451568 0.58456456 -0.91770839
v 0.58795005 0.6611489 -0.82564777
v 0.48348546 0.6761918 -0.88682633
v 0.57024973 0.75257325 -0.78723412
v 0.46812701 0.76643389 -0.84573328
v 0.54795771 0.84214365 -0.73950415
v 0.4493961 0.85515952 -0.79578018
v 0.52350574 0.93065279 -0.68528127
v 0.42931988 0.94384014 -0.74018067
v 0.49808162 1.01877033 -0.62399238
v 0.40955537 1.03335964 -0.67879021
v 0.47494366 1.10714507 -0.55692982
v 0.3910633 1.1229279 -0.61134934
v 0.45646688 1.19319176 -0.48479542
v 0.37725505 1.21177852 -0.53929466
v 0.44558307 1.26985251 -0.40596324
v 0.36982029 1.29401314 -0.46196869
v 0.44636064 1.33003366 -0.32273393
v 0.51147764 1.2467364 -0.33971253
v 0.51811087 1.2860881 -0.26195073
v 0.5322926 1.30208683 -0.19508396
v 0.5945118 1.22281324 -0.2113638
v 0.61319416 1.22192406 -0.15873505
v 0.63167184 1.21785104 -0.1048628
v 0.70435118 1.11634218 -0.15636634
v 0.72205764 1.11138391 -0.10057428
v 0.73765724 1.10495173 -0.04048728
v 0.80830699 0.99743109 -0.11640998
v 0.82317465 0.99290335 -0.04704714
v 0.83251577 0.98521065 0.0241822
v 0.89659094 0.88215619 -0.05829462
v 0.90567779 0.87388324 0.0211836
v 0.90801185 0.86335653 0.10098366
v 0.96498447 0.76162755 0.02011499
v 0.96593469 0.74863284 0.10723267
v 0.95948189 0.73437404 0.1937931
v 0.95596188 0.77248323 -0.06686093
v 0.8803572 0.8872165 -0.1376162
v 0.93845892 0.78069835 -0.1548824
v 0.98491358 0.67424666 -0.1643739
v 0.91146737 0.78813183 -0.24480199
v 0.95625168 0.68779701 -0.26301309
v 0.98923057 0.58774101 -0.27407276
v 0.91287469 0.70929247 -0.36017581
v 0.94582188 0.61432904 -0.379359
v 0.96698218 0.51959264 -0.3920218
v 0.88887864 0.64859247 -0.4777686
v 0.91214484 0.55417877 -0.4966709
v 0.9205814 0.45960143 -0.50608694
v 0.8463462 0.58761185 -0.59221184
v 0.8580113 0.49273759 -0.60730546
v 0.85505431 0.39923423 -0.6112138
v 0.78259789 0.5222975 -0.69877982
v 0.78277659 0.42795631 -0.70633554
v 0.77404028 0.33656564 -0.70569157
v 0.84641486 0.30859491 -0.61105847
v 0.77256691 0.24787113 -0.71164864
v 0.85204255 0.22118827 -0.62152749
v 0.78676462 0.16484972 -0.73340261
v 0.87333655 0.14068666 -0.64524108
v 0.80562329 0.0853763 -0.7625457
v 0.6934973 0.18629741 -0.81139588
v 0.70909035 0.10552668 -0.84004122
v 0.72390943 0.0246433 -0.8706175
v 0.7372446 -0.05623842 -0.90519225
v 0.74727934 -0.13939735 -0.94368946
v 0.68520569 0.27155071 -0.79308998
v 0.69197976 0.3613536 -0.79262155
v 0.69885748 0.45310407 -0.79227298
v 0.69600302 0.54770112 -0.78025192
v 0.7693119 0.61700338 -0.67785149
v 0.68331182 0.64160591 -0.75552004
v 0.74714338 0.7105332 -0.64590662
v 0.66358965 0.73434829 -0.72005814
v 0.71803402 0.8019728 -0.60358679
v 0.63781058 0.82475501 -0.67457079
v 0.68508553 0.89147341 -0.55323129
v 0.608316 0.91303336 -0.62151742
v 0.65046024 0.98075807 -0.49458459
v 0.57876455 1.00137674 -0.56139022
v 0.61619585 1.07196414 -0.42632961
v 0.55031192 1.08965015 -0.49416807
v 0.52512824 1.17457509 -0.41995018
v 0.7136076 0.95756018 -0.42824637
v 0.77141857 0.93059307 -0.36387184
v 0.75334018 0.86546182 -0.48295667
v 0.8160752 0.83546942 -0.41104015
v 0.8707444 0.80530113 -0.33208641
v 0.82110571 0.90376764 -0.29452803
v 0.7899881 0.77443391 -0.52853578
v 0.85604721 0.7425841 -0.44893622
v 0.82240629 0.68221706 -0.5658735
v 0.85679978 0.89094209 -0.21863386
v 0.78905963 0.9999693 -0.18517202
v 0.76149278 1.00872969 -0.24668765
v 0.68424367 1.12307798 -0.20231868
v 0.50737983 -0.62304246 -1.20039129
v 0.57303357 -0.53262352 -1.18421781
v 0.57564431 -0.67249083 -1.22057354
v 0.63970661 -0.58335119 -1.20078909
v 0.64826679 -0.7181251 -1.24084925
v 0.70745843 -0.63274788 -1.22313118
v 0.77584594 -0.55743688 -1.1773864
v 0.77869904 -0.68253105 -1.24736189
v 0.84195292 -0.61357903 -1.20940375
v 0.91206151 -0.56362462 -1.15508961
v 0.85182184 -0.50372791 -1.11257922
v 0.98387879 -0.53675407 -1.0934143
v 0.93006324 -0.47539168 -1.04364836
v 1.05229258 -0.53531706 -1.02630019
v 1.00494277 -0.47415629 -0.97188001
v 1.10751509 -0.55987155 -0.95526754
v 1.06546282 -0.49975121 -0.89933437
v 1.14262914 -0.60429084 -0.8836233
v 1.1031059 -0.54835569 -0.82857102
v 1.15509986 -0.66472941 -0.81800323
v 1.11730015 -0.61325079 -0.76488155
v 1.14760172 -0.73585838 -0.76300525
v 1.11079669 -0.68891656 -0.71129852
v 1.11983764 -0.81272095 -0.72372299
v 1.08287787 -0.77010726 -0.67256462
v 1.0529325 -0.7297036 -0.6164785
v 1.03343129 -0.8485313 -0.65387165
v 1.00179517 -0.81245499 -0.59780675
v 0.97855758 -0.78173279 -0.53779655
v 0.93216532 -0.88218277 -0.60042864
v 0.90497136 -0.85576504 -0.53986537
v 0.88699042 -0.83757156 -0.47319999
v 0.96734571 -0.91549015 -0.65620321
v 0.89048874 -0.9669364 -0.67865222
v 1.00779056 -0.95150256 -0.71033674
v 0.93614029 -1.00176453 -0.73254466
v 0.86159807 -1.03619694 -0.77156347
v 0.98723232 -1.04176127 -0.78122973
v 0.91792219 -1.0750513 -0.8209083
v 0.8531593 -1.09272706 -0.87381488
v 0.79075193 -1.05478262 -0.82582193
v 0.79698634 -1.09465265 -0.93719196
v 0.73062086 -1.05520069 -0.89277547
v 0.75217813 -1.08244681 -1.00746774
v 0.68337929 -1.0423032 -0.9674642
v 0.72208535 -1.05541133 -1.08181178
v 0.65134441 -1.01587927 -1.04675364
v 0.70931738 -1.01269996 -1.15534579
v 0.63932222 -0.97405839 -1.12492954
v 0.5644325 -0.9339239 -1.09757816
v 0.6482349 -0.91591155 -1.19364917
v 0.57320219 -0.8767364 -1.17091774
v 0.49668979 -0.83331221 -1.14621007
v 0.60127323 -0.80353188 -1.22307479
v 0.52536952 -0.75963676 -1.20080852
v 0.45298847 -0.710801 -1.17945599
v 0.67542922 -0.842974 -1.24327039
v 0.72152519 -0.76156979 -1.26078617
v 0.74332064 -0.8828563 -1.26872336
v 0.78991913 -0.80558383 -1.28687536
v 0.84804201 -0.73214906 -1.27604258
v 0.85369652 -0.85155516 -1.31747221
v 0.91319268 -0.78493022 -1.30885577
v 0.97704333 -0.72957241 -1.28057479
v 0.91082572 -0.6708222 -1.24345231
v 1.04213142 -0.68669062 -1.23922753
v 0.97687262 -0.62478482 -1.19788909
v 1.10578608 -0.66217386 -1.18624877
v 1.04325199 -0.5994715 -1.14105653
v 1.16325831 -0.65841001 -1.12297856
v 1.10536479 -0.59718102 -1.07666397
v 1.21068489 -0.6751635 -1.05207943
v 1.1573075 -0.61720335 -1.00543427
v 1.24076545 -0.71335142 -0.9795323
v 1.19015073 -0.65829187 -0.93248122
v 1.25029206 -0.76745528 -0.91300988
v 1.20211017 -0.71494644 -0.86509007
v 1.24029135 -0.832035 -0.85764402
v 1.19384849 -0.78310364 -0.80916059
v 1.21075177 -0.90296071 -0.81941372
v 1.16438829 -0.85751295 -0.77091741
v 1.16361975 -0.9725486 -0.80377018
v 1.11630165 -0.92995095 -0.75421708
v 1.07119572 -0.88755893 -0.70615363
v 1.05537772 -0.99270731 -0.75837099
v 1.10549521 -1.03247749 -0.80955857
v 1.0418514 -1.07997787 -0.83224403
v 1.15890109 -1.07205855 -0.86006844
v 1.09811079 -1.11870014 -0.88214916
v 1.03578257 -1.15093994 -0.91861242
v 0.97720646 -1.1134566 -0.86954093
v 0.97622954 -1.16728878 -0.9677782
v 0.91577041 -1.13129913 -0.92046701
v 0.92367154 -1.1683309 -1.02566528
v 0.86260688 -1.13272976 -0.98142164
v 0.87990623 -1.15464282 -1.08923602
v 0.81941473 -1.11983215 -1.04836165
v 0.84812867 -1.12696015 -1.15640604
v 0.78826832 -1.09261834 -1.11860358
v 0.83233642 -1.08646595 -1.22407054
v 0.77338594 -1.05074477 -1.18944287
v 0.83807015 -1.03153073 -1.285977
v 0.77959698 -0.99329328 -1.25238847
v 0.71570879 -0.95464766 -1.22149729
v 0.80657571 -0.92445039 -1.29821896
v 0.86721354 -0.96679616 -1.33020246
v 0.91534775 -0.90010368 -1.35060262
v 0.92530763 -1.0117073 -1.36172652
v 0.97526079 -0.95135456 -1.38413858
v 1.03687119 -0.89590925 -1.38207018
v 0.9755361 -0.83926981 -1.3448745
v 1.10363745 -0.84758657 -1.36139082
v 1.04049646 -0.78780859 -1.32021522
v 1.17163026 -0.81191247 -1.32556939
v 1.10655129 -0.74817478 -1.28142833
v 1.23619902 -0.79055702 -1.27791583
v 1.17028796 -0.7240628 -1.23117256
v 1.29301345 -0.7846592 -1.21898615
v 1.22625911 -0.71942597 -1.16920316
v 1.33339762 -0.79925376 -1.14910972
v 1.26869297 -0.73502266 -1.099303
v 1.35457301 -0.83062517 -1.07675445
v 1.29514372 -0.76950645 -1.02756869
v 1.35777807 -0.87592709 -1.01008939
v 1.30255305 -0.81973028 -0.96060031
v 1.34332859 -0.93191295 -0.95552963
v 1.29068958 -0.88108438 -0.90564292
v 1.3121134 -0.99457216 -0.91855514
v 1.25996029 -0.94868391 -0.86893785
v 1.26583635 -1.05590581 -0.90535503
v 1.21446466 -1.01440084 -0.85442423
v 1.20908677 -1.10969972 -0.91198951
v 1.30539131 -1.09830284 -0.95511835
v 1.24561834 -1.14443707 -0.95857352
v 1.18255877 -1.17962443 -0.97594475
v 1.14926743 -1.15362346 -0.93245053
v 1.11871218 -1.20406687 -1.00369274
v 1.08713054 -1.18319332 -0.96827554
v 1.05892264 -1.21441018 -1.04355704
v 1.02819979 -1.19729495 -1.01401257
v 1.00808191 -1.21398937 -1.09421205
v 0.97696024 -1.19744563 -1.06858396
v 0.96842336 -1.20457708 -1.15249657
v 0.93468231 -1.18489515 -1.12851142
v 0.94218683 -1.18503117 -1.21492385
v 0.90227657 -1.158432 -1.19119274
v 0.93063235 -1.15396785 -1.2790271
v 0.88670843 -1.12016773 -1.25528585
v 0.94146215 -1.11088049 -1.33898341
v 0.8947516 -1.06946742 -1.31483995
v 0.97661858 -1.05991065 -1.38811063
v 0.97531282 -1.15194618 -1.356691
v 1.01516449 -1.11283934 -1.40877902
v 1.07481598 -1.07223296 -1.44260764
v 1.0302906 -1.00829982 -1.41651415
v 1.14545249 -1.03128659 -1.45058381
v 1.09581816 -0.95884627 -1.41799426
v 1.21869552 -0.99844265 -1.44173097
v 1.16528523 -0.91524124 -1.40280592
v 1.2921648 -0.97323399 -1.41718208
v 1.23545122 -0.88440424 -1.37250363
v 1.35817527 -0.96164155 -1.37132298
v 1.30044245 -0.86765366 -1.32633876
v 1.41091299 -0.96220696 -1.31010341
v 1.35513973 -0.86506515 -1.26679134
v 1.44812643 -0.97304141 -1.24072587
v 1.39459908 -0.8771981 -1.19775986
v 1.46452856 -0.9945057 -1.16868841
v 1.41352987 -0.90417724 -1.12568926
v 1.46153938 -1.02312696 -1.10210835
v 1.41360127 -0.94182109 -1.0591824
v 1.43597877 -1.05985856 -1.04656267
v 1.39468324 -0.99088937 -1.00417459
v 1.391276 -1.10439395 -1.00989794
v 1.3565073 -1.04577887 -0.96903753
v 1.33301937 -1.1449418 -0.99281138
v 1.41249871 -1.1696558 -1.03456151
v 1.35100233 -1.19501268 -1.01344084
v 1.28382051 -1.21551227 -1.00924348
v 1.26942181 -1.1794101 -0.99103349
v 1.21611678 -1.23017811 -1.01937246
v 1.2033509 -1.2041881 -1.00276887
v 1.14991319 -1.24160623 -1.04207003
v 1.13731706 -1.21979069 -1.02695977
v 1.09229803 -1.24748039 -1.07885217
v 1.07796537 -1.22825884 -1.06353473
v 1.04428935 -1.24696838 -1.12498259
v 1.02897548 -1.22757923 -1.11135518
v 1.00880503 -1.24091732 -1.17979919
v 0.99183505 -1.22036612 -1.16818523
v 0.9859271 -1.23093819 -1.24031853
v 0.9684503 -1.20647883 -1.2297213
v 0.97981137 -1.21659886 -1.30426406
v 0.96071028 -1.18529641 -1.29445123
v 0.99777305 -1.19658267 -1.36803185
v 0.98672628 -1.25562894 -1.31077969
v 1.00718867 -1.24605 -1.37413907
v 1.05245494 -1.23291313 -1.4298973
v 1.04212272 -1.17123115 -1.42219305
v 1.11556804 -1.22167956 -1.46803951
v 1.10576748 -1.14267098 -1.46161973
v 1.1910423 -1.21327126 -1.4848262
v 1.17952764 -1.11777782 -1.47447073
v 1.26899087 -1.20342397 -1.48087155
v 1.25513017 -1.09704244 -1.4693551
v 1.34609448 -1.19681251 -1.46016776
v 1.33192503 -1.08068931 -1.44752633
v 1.41513919 -1.1951822 -1.41573548
v 1.3974148 -1.07472455 -1.40093004
v 1.46782445 -1.19797897 -1.35503304
v 1.4495666 -1.0763936 -1.34035706
v 1.50291824 -1.20453524 -1.28431248
v 1.48580026 -1.08470809 -1.27126264
v 1.5156573 -1.21349477 -1.21169281
v 1.49965286 -1.10037446 -1.1991347
v 1.5066061 -1.22265791 -1.1434462
v 1.49289548 -1.11943173 -1.1318748
v 1.47489154 -1.22984373 -1.08571481
v 1.46322846 -1.14315855 -1.07583487
v 1.42296826 -1.23984134 -1.04406738
v 1.46764719 -1.32120096 -1.08537578
v 1.42193257 -1.31449055 -1.04324841
v 1.35495448 -1.30659437 -1.01984715
v 1.35933733 -1.24822938 -1.02201426
v 1.2883991 -1.29872882 -1.01497054
v 1.29029643 -1.25574028 -1.01614344
v 1.22093272 -1.29686749 -1.02361583
v 1.2220186 -1.26267039 -1.02568519
v 1.15408039 -1.29939901 -1.04463136
v 1.1559019 -1.26904308 -1.04803669
v 1.09421086 -1.30212914 -1.07981693
v 1.09771335 -1.27397918 -1.08408713
v 1.04553222 -1.30281567 -1.12738776
v 1.05014014 -1.27368271 -1.13074028
v 1.00910902 -1.30209028 -1.18392825
v 1.01401293 -1.26881599 -1.1851753
v 0.98557579 -1.30193269 -1.24511921
v 0.99130064 -1.26255035 -1.24580407
v 0.9806177 -1.30428528 -1.31269478
v 0.97217565 -1.35220348 -1.23847746
v 0.9683547 -1.36326801 -1.30566036
v 0.99160367 -1.37388873 -1.36927068
v 1.00182724 -1.30539476 -1.37818229
v 1.03404092 -1.38276314 -1.42022454
v 1.04605102 -1.30556285 -1.4320383
v 1.09212029 -1.39040219 -1.4562
v 1.1079626 -1.30458104 -1.46636366
v 1.16274583 -1.3956201 -1.46648478
v 1.1825068 -1.30545985 -1.48030376
v 1.23959469 -1.40155613 -1.46064531
v 1.26106655 -1.30760073 -1.47507882
v 1.3157612 -1.40938139 -1.4392004
v 1.33872187 -1.30840587 -1.45455861
v 1.38453567 -1.41772556 -1.39994335
v 1.40833222 -1.31194734 -1.4127593
v 1.43708515 -1.42500865 -1.34240114
v 1.46158778 -1.31689405 -1.35381221
v 1.46923649 -1.42944634 -1.2723006
v 1.49637973 -1.32216286 -1.28341209
v 1.47702288 -1.42871761 -1.2000513
v 1.50743198 -1.32584559 -1.2106831
v 1.46576333 -1.42275726 -1.13373208
v 1.49661278 -1.32569658 -1.14324867
v 1.43879663 -1.40897333 -1.07695519
v 1.42289805 -1.50716877 -1.11911284
v 1.39691364 -1.48741686 -1.06226074
v 1.358554 -1.46339511 -1.01916301
v 1.39777529 -1.38772368 -1.03483903
v 1.30971968 -1.43854701 -0.9940952
v 1.3405838 -1.36796987 -1.0109173
v 1.25113165 -1.41460788 -0.9853124
v 1.27647256 -1.35234201 -1.00444114
v 1.18863952 -1.39758086 -0.99436509
v 1.21085345 -1.33794474 -1.01362073
v 1.12673854 -1.3883965 -1.01625943
v 1.14603054 -1.3323704 -1.03557348
v 1.06717991 -1.38764345 -1.05179047
v 1.08554875 -1.33197307 -1.07079339
v 1.01663684 -1.39304471 -1.10060465
v 1.03477132 -1.33614718 -1.11847686
v 0.97847968 -1.40268409 -1.15835511
v 0.99612939 -1.34260332 -1.17502391
v 0.95768702 -1.41520834 -1.22123265
v 0.95865589 -1.47846865 -1.13451445
v 0.94050985 -1.48963022 -1.19770181
v 0.94125771 -1.50318157 -1.26128792
v 0.95858758 -1.4304279 -1.28605437
v 0.96211475 -1.51985943 -1.31930112
v 0.98012733 -1.44702339 -1.34602057
v 0.99990451 -1.53742575 -1.36763274
v 1.01949691 -1.46190178 -1.39561855
v 1.05248487 -1.5533241 -1.4023894
v 1.07372093 -1.47315716 -1.43220531
v 1.11492323 -1.56550037 -1.41864931
v 1.14055514 -1.48173856 -1.44749665
v 1.18207979 -1.57529604 -1.41706669
v 1.21286106 -1.48965907 -1.44236064
v 1.24888765 -1.58513176 -1.39768016
v 1.28443896 -1.49994838 -1.42121589
v 1.30890262 -1.59569323 -1.35931229
v 1.34986376 -1.51237022 -1.38236403
v 1.35468804 -1.60341048 -1.30318152
v 1.39908254 -1.5210638 -1.32503974
v 1.38201081 -1.60338866 -1.23653113
v 1.42750585 -1.52382779 -1.2558192
v 1.388116 -1.59564209 -1.16639745
v 1.43397724 -1.51939106 -1.18477094
v 1.37682783 -1.58050525 -1.10151147
v 1.34593212 -1.66223084 -1.14553332
v 1.3343563 -1.64721143 -1.0820651
v 1.31058013 -1.62836122 -1.02795708
v 1.35181498 -1.55975759 -1.04576528
v 1.27559864 -1.60742688 -0.98450833
v 1.31586659 -1.53504848 -1.00190031
v 1.23134625 -1.58697223 -0.95482176
v 1.26912498 -1.50923073 -0.97472941
v 1.18004071 -1.56928265 -0.94133472
v 1.21559405 -1.48689889 -0.96411657
v 1.12556982 -1.55753815 -0.94465166
v 1.15806496 -1.47091579 -0.97019755
v 1.07045924 -1.55318701 -0.96382921
v 1.09942138 -1.4629091 -0.99023205
v 1.01782155 -1.55498457 -1.00045454
v 1.04384005 -1.46343267 -1.02664339
v 0.97004872 -1.5597682 -1.05151689
v 0.99579191 -1.47005236 -1.0767591
v 0.93207657 -1.56471979 -1.11079788
v 0.94479739 -1.66072166 -1.02924263
v 0.90561407 -1.66578209 -1.08842015
v 0.88212955 -1.67191243 -1.15065622
v 0.91025686 -1.57146215 -1.17426443
v 0.88272184 -1.68148505 -1.21206557
v 0.91138517 -1.58301556 -1.23785233
v 0.90396583 -1.69269859 -1.26606762
v 0.93156462 -1.59867322 -1.29528379
v 0.94262641 -1.70381557 -1.30913162
v 0.97140449 -1.61634481 -1.33925545
v 0.99402529 -1.7156229 -1.33916509
v 1.0228523 -1.63290202 -1.37084412
v 1.05483329 -1.72485828 -1.35369265
v 1.08368933 -1.64594829 -1.3864609
v 1.11928463 -1.73060131 -1.3548038
v 1.14869582 -1.65513622 -1.38579177
v 1.18275284 -1.73389661 -1.34111845
v 1.21327328 -1.66339457 -1.3694787
v 1.23901212 -1.73634827 -1.30763018
v 1.27106726 -1.67011952 -1.33354389
v 1.28096628 -1.73652052 -1.25604426
v 1.31516611 -1.67345535 -1.27946329
v 1.30444145 -1.73232102 -1.19277942
v 1.34079873 -1.67146563 -1.21387743
v 1.30813467 -1.72352254 -1.12702667
v 1.27729606 -1.78916275 -1.17707431
v 1.28100609 -1.78434312 -1.11433422
v 1.27192878 -1.77781784 -1.05520987
v 1.29756248 -1.7124176 -1.06536746
v 1.25355601 -1.77132999 -1.00318908
v 1.27502811 -1.69862127 -1.01151669
v 1.22373735 -1.76495635 -0.95855444
v 1.24234449 -1.68355274 -0.96854466
v 1.18324387 -1.75994122 -0.9263128
v 1.20010387 -1.67024529 -0.93749284
v 1.13658428 -1.75732088 -0.90984034
v 1.15064573 -1.66015088 -0.92223
v 1.08608782 -1.75932061 -0.91195339
v 1.09794545 -1.65478873 -0.9232766
v 1.03637039 -1.76257634 -0.92985856
v 1.04531097 -1.65337026 -0.94204688
v 0.98660773 -1.76798534 -0.96412158
v 0.99296486 -1.65571212 -0.97769075
v 0.9382283 -1.77502489 -1.01229322
v 1.0110619 -1.88478267 -0.96735626
v 0.96928125 -1.89477109 -1.01407539
v 0.9329161 -1.90566206 -1.06707811
v 0.89931547 -1.78274703 -1.07004094
v 0.91005194 -1.91419076 -1.12211501
v 0.87502068 -1.78996443 -1.12960314
v 0.9064207 -1.91685473 -1.17539191
v 0.87159425 -1.79619836 -1.1889435
v 0.92105329 -1.91343307 -1.22422289
v 0.89258414 -1.80108094 -1.2411257
v 0.9529711 -1.90527129 -1.26462769
v 0.93271756 -1.80364036 -1.28236711
v 0.9976719 -1.89407217 -1.29220295
v 0.98213207 -1.80407226 -1.31123065
v 1.05206918 -1.88261759 -1.30766737
v 1.04154217 -1.80288422 -1.32674443
v 1.10911417 -1.8712666 -1.30970025
v 1.10461831 -1.8013916 -1.32885146
v 1.16507113 -1.8622117 -1.30046856
v 1.16703975 -1.80012226 -1.31717181
v 1.21423447 -1.85533344 -1.27087342
v 1.21924054 -1.79642176 -1.2858088
v 1.24685931 -1.84964311 -1.22458457
v 1.25702583 -1.79310667 -1.2366383
v 1.26372849 -1.84658396 -1.16852891
v 1.2551825 -1.90431571 -1.22194993
v 1.269593 -1.90430939 -1.16826784
v 1.27329731 -1.90791857 -1.11309981
v 1.26636159 -1.8456068 -1.10984647
v 1.26965677 -1.91359508 -1.06126117
v 1.26122868 -1.8466165 -1.05394232
v 1.2587043 -1.92103207 -1.01348519
v 1.2469244 -1.84750258 -1.00391912
v 1.24013125 -1.93141007 -0.97373116
v 1.22231304 -1.84854078 -0.96087062
v 1.21055078 -1.94567441 -0.94511479
v 1.18595826 -1.85260903 -0.92809951
v 1.1738404 -1.96101355 -0.93068921
v 1.14310312 -1.86023902 -0.91326516
v 1.13503587 -1.97483253 -0.93387907
v 1.09893024 -1.8681879 -0.9161933
v 1.0977261 -1.98614919 -0.95189702
v 1.05447697 -1.87604606 -0.93433034
v 1.06226193 -1.99582004 -0.98349666
v 1.15884017 -2.08993792 -0.97684222
v 1.12554621 -2.10273146 -1.00634586
v 1.09359431 -2.11369133 -1.04640889
v 1.02688086 -2.00654959 -1.02753222
v 1.06584322 -2.12190294 -1.09569275
v 0.99663919 -2.0168395 -1.07877612
v 1.04574358 -2.12611675 -1.14409637
v 0.97595918 -2.02411222 -1.12816739
v 1.03542447 -2.12409186 -1.19077777
v 0.96829408 -2.02506661 -1.17717182
v 1.0400865 -2.11166358 -1.23472201
v 0.9780243 -2.01645731 -1.223055
v 1.06071889 -2.0893929 -1.26974928
v 1.00136888 -2.00128006 -1.2597922
v 1.08968114 -2.06308007 -1.29591107
v 1.0363276 -1.98190724 -1.28732085
v 1.12625813 -2.0327754 -1.31255781
v 1.08188545 -1.96096098 -1.30385112
v 1.16901767 -2.00330328 -1.31685149
v 1.13176178 -1.94068336 -1.30798292
v 1.21331536 -1.97741043 -1.30537593
v 1.18165576 -1.92359161 -1.2959783
v 1.25145292 -1.96043574 -1.27314031
v 1.22423458 -1.91074764 -1.26624405
v 1.27898812 -1.95364522 -1.22790324
v 1.29044663 -1.99831426 -1.28841972
v 1.31724536 -1.99191713 -1.24277913
v 1.33638513 -1.99553763 -1.19145596
v 1.29488563 -1.9557209 -1.17581045
v 1.34776973 -2.00620055 -1.14007926
v 1.30191946 -1.96310544 -1.122985
v 1.35209691 -2.02207064 -1.0927124
v 1.30129849 -1.97477984 -1.07434248
v 1.34996926 -2.04082655 -1.05135726
v 1.29378128 -1.98903822 -1.03014385
v 1.34134709 -2.06530833 -1.01721835
v 1.27998328 -2.00634241 -0.99394762
v 1.32401299 -2.09503126 -0.99318945
v 1.25670099 -2.02867889 -0.96710765
v 1.29880738 -2.12558174 -0.98241388
v 1.22629618 -2.05218148 -0.95514482
v 1.2685616 -2.15275025 -0.98909491
v 1.19287657 -2.07343721 -0.95900297
v 1.23636257 -2.17597127 -1.00923621
v 1.35603511 -2.20984864 -1.02483165
v 1.32763958 -2.23718166 -1.0453124
v 1.29809069 -2.25721454 -1.07592999
v 1.20560133 -2.19327664 -1.03794312
v 1.2668643 -2.27031326 -1.11667859
v 1.1743617 -2.20634746 -1.07667744
v 1.23738265 -2.27887845 -1.16238927
v 1.14473438 -2.21592235 -1.12276732
v 1.2145555 -2.28007674 -1.20907473
v 1.12176108 -2.21964049 -1.17013263
v 1.19943189 -2.27243471 -1.25320744
v 1.10931026 -2.21398758 -1.21676182
v 1.19555652 -2.24781322 -1.29363274
v 1.11072468 -2.19474792 -1.25939989
v 1.20356178 -2.21144723 -1.32333755
v 1.12768507 -2.16413831 -1.29204678
v 1.21834027 -2.17012238 -1.34649682
v 1.15172517 -2.12788105 -1.31679523
v 1.24197542 -2.12751054 -1.35953426
v 1.18113756 -2.09050917 -1.33214891
v 1.27201914 -2.08698463 -1.35814774
v 1.21711111 -2.05191469 -1.33428597
v 1.30560398 -2.05337595 -1.33997511
v 1.25526571 -2.02119088 -1.31896996
v 1.33797454 -2.02811002 -1.30896461
v 1.3605411 -2.07393384 -1.36848449
v 1.39059996 -2.0482285 -1.33480024
v 1.41786766 -2.03563618 -1.29109358
v 1.36542713 -2.01818609 -1.26473331
v 1.44108486 -2.03835511 -1.24136102
v 1.38710439 -2.02129268 -1.2142657
v 1.46070063 -2.05198836 -1.19247114
v 1.40373492 -2.03361368 -1.16307556
v 1.47669661 -2.07273244 -1.14988362
v 1.4144293 -2.05230236 -1.11685442
v 1.48663568 -2.10157251 -1.11469554
v 1.41851365 -2.0758121 -1.07636857
v 1.48945248 -2.13631033 -1.08670926
v 1.41420817 -2.1062026 -1.04528784
v 1.48354101 -2.17392897 -1.06766092
v 1.40230906 -2.14123463 -1.0240395
v 1.46960103 -2.21369886 -1.05938637
v 1.38242816 -2.17811942 -1.015962
v 1.44648408 -2.24870991 -1.06847059
v 1.54420673 -2.2301867 -1.12349689
v 1.5255047 -2.26649594 -1.12948405
v 1.49898409 -2.29221224 -1.14857351
v 1.41886234 -2.27552247 -1.09033525
v 1.46839809 -2.30554485 -1.1759212
v 1.38940668 -2.29342556 -1.12166726
v 1.43633568 -2.3106668 -1.21240234
v 1.35800075 -2.30320024 -1.16346502
v 1.40861499 -2.31333947 -1.25438296
v 1.32944047 -2.30817842 -1.20906996
v 1.38674664 -2.31356239 -1.29920077
v 1.30659079 -2.30884552 -1.25489139
v 1.36802387 -2.3083477 -1.34302771
v 1.28909277 -2.30011153 -1.29791247
v 1.35559642 -2.28515815 -1.37753355
v 1.27930402 -2.27459502 -1.33457648
v 1.35157489 -2.25046014 -1.40464925
v 1.27789759 -2.23816919 -1.36278975
v 1.35869538 -2.20982766 -1.41882371
v 1.2865132 -2.19670128 -1.38326573
v 1.37356686 -2.1662364 -1.42409575
v 1.30592799 -2.15241622 -1.39158201
v 1.39444446 -2.12538218 -1.41774499
v 1.33069288 -2.10984349 -1.38827431
v 1.42037522 -2.09073543 -1.39596247
v 1.46100068 -2.14410305 -1.4388318
v 1.48331487 -2.11200451 -1.42122137
v 1.50911414 -2.08722209 -1.39049994
v 1.44786107 -2.06382632 -1.36362135
v 1.53479659 -2.07593226 -1.35048961
v 1.47429513 -2.05106425 -1.32125771
v 1.55729925 -2.07847166 -1.30662369
v 1.49715793 -2.05413866 -1.27460241
v 1.58241748 -2.11177992 -1.36613106
v 1.59982836 -2.11198163 -1.32210147
v 1.61288523 -2.15029692 -1.37037062
v 1.62554562 -2.1469326 -1.32704663
v 1.62730944 -2.15289378 -1.27651977
v 1.63759458 -2.18883895 -1.27132356
v 1.60747098 -2.19539475 -1.20221149
v 1.60422396 -2.16042876 -1.21414446
v 1.55280005 -2.1531949 -1.14482069
v 1.55306673 -2.19066095 -1.12948381
v 1.60164487 -2.23341751 -1.19731307
v 1.63508999 -2.22741103 -1.2692877
v 1.62337291 -2.26295304 -1.2728635
v 1.58649289 -2.26903796 -1.20101749
v 1.60301399 -2.29142475 -1.28234934
v 1.56175553 -2.29600143 -1.21345984
v 1.57515394 -2.30534887 -1.29732263
v 1.5315715 -2.30652856 -1.23412001
v 1.61886227 -2.2772479 -1.34093093
v 1.59162855 -2.29931426 -1.35241007
v 1.61441838 -2.25382733 -1.3851031
v 1.58979809 -2.27661919 -1.39466834
v 1.55497741 -2.29343199 -1.39865064
v 1.5771377 -2.24564433 -1.42592847
v 1.54729151 -2.26579499 -1.42903399
v 1.50153625 -2.28104877 -1.42605996
v 1.50743174 -2.30225539 -1.39389801
v 1.43066573 -2.28751134 -1.40949738
v 1.44023156 -2.30480313 -1.37569892
v 1.55714798 -2.21110129 -1.44238066
v 1.52189898 -2.17420887 -1.44978976
v 1.59926271 -2.2221167 -1.41394507
v 1.57823014 -2.18490982 -1.43126535
v 1.54036402 -2.14517951 -1.43495464
v 1.59579074 -2.1635282 -1.40598583
v 1.56170797 -2.12330865 -1.40562045
v 0.77616006 0.78519427 0.55081731
v 0.73400527 0.90565919 0.53073018
v 0.75588262 0.91352337 0.45829984
v 0.79150158 0.65233027 0.57449275
v 0.74255174 0.64082473 0.63974958
v 0.73764407 0.77253615 0.61717575
v 0.6837359 0.75804489 0.67274993
v 0.65612351 0.86996001 0.6508376
v 0.70250195 0.89107585 0.59618848
v 0.60703933 0.96780425 0.63438689
v 0.64688247 0.99410736 0.58125382
v 0.67543888 1.01190793 0.51590412
v 0.58242076 1.08722066 0.56799775
v 0.60896754 1.10844516 0.50303328
v 0.6273958 1.12177217 0.43196731
v 0.69497138 1.02202856 0.44467705
v 0.64232319 1.1329739 0.35996028
v 0.71301454 1.03078162 0.37243491
v 0.65717291 1.14673924 0.28947329
v 0.56822043 1.22977924 0.34537351
v 0.58004975 1.2457571 0.27449265
v 0.58762031 1.26245415 0.20414969
v 0.50199025 1.34247779 0.25654563
v 0.50763738 1.36080861 0.18477326
v 0.50761085 1.37671017 0.11285265
v 0.42468306 1.45604038 0.16335073
v 0.42436882 1.47180128 0.08864039
v 0.4192512 1.4807415 0.01257894
v 0.33350333 1.55728864 0.06616621
v 0.32832709 1.56248176 -0.0146935
v 0.32093665 1.55692911 -0.09799087
v 0.22613431 1.62499249 -0.03588715
v 0.22116102 1.61535799 -0.12432412
v 0.21517026 1.59171545 -0.21333216
v 0.22995224 1.62243437 0.0493365
v 0.23177917 1.61125791 0.13127617
v 0.33451592 1.54325795 0.14455187
v 0.33074066 1.52164113 0.21991789
v 0.22996957 1.59041464 0.20949702
v 0.42021012 1.43600428 0.23688386
v 0.41066402 1.41274237 0.30931037
v 0.32298135 1.49500179 0.29250362
v 0.49146425 1.32320475 0.32825818
v 0.47796127 1.30345332 0.40069055
v 0.39787676 1.38776779 0.3824234
v 0.55442434 1.21488034 0.41735276
v 0.53666687 1.19727575 0.48800081
v 0.4616577 1.28151154 0.472272
v 0.43925422 1.25237047 0.53859859
v 0.36411759 1.32950782 0.52427595
v 0.38367408 1.36168694 0.45553043
v 0.51206255 1.17228937 0.55277216
v 0.48019245 1.13734853 0.60526061
v 0.4101274 1.21342384 0.59214532
v 0.54681527 1.05662941 0.62019711
v 0.50327974 1.02054429 0.65729051
v 0.44258943 1.09687316 0.64244478
v 0.55643141 0.93768006 0.6718744
v 0.49573722 0.90619987 0.69168907
v 0.45194751 0.98180848 0.67643058
v 0.59607511 0.84683936 0.68865287
v 0.52788925 0.82322001 0.70869237
v 0.45140326 0.80378007 0.71069687
v 0.43054881 0.87522059 0.69225573
v 0.3685972 0.8441236 0.66487473
v 0.34612157 0.90386235 0.6449958
v 0.39567714 0.94310385 0.67521429
v 0.38212093 0.78223925 0.68304824
v 0.32770407 0.75473761 0.63112211
v 0.32176464 0.8101468 0.61185705
v 0.31983083 0.6978423 0.65373981
v 0.27742129 0.67216569 0.58499109
v 0.28996965 0.72260165 0.56409478
v 0.24995122 0.62394791 0.608271
v 0.21515609 0.60460203 0.52974075
v 0.24173809 0.64582061 0.50988996
v 0.17613641 0.56944477 0.54929894
v 0.14825283 0.56063753 0.46425488
v 0.18115721 0.58865481 0.44843745
v 0.12662901 0.54237932 0.56740158
v 0.1059187 0.53846246 0.47965115
v 0.08252632 0.53688025 0.39735919
v 0.11815248 0.55453103 0.3832111
v 0.1456494 0.57808703 0.36884194
v 0.12624843 0.59297251 0.28346881
v 0.16664011 0.60412019 0.35386803
v 0.20599195 0.62191021 0.43151128
v 0.18063199 0.63363045 0.33925297
v 0.2203187 0.6588335 0.41554844
v 0.25571006 0.68978947 0.49149242
v 0.22456546 0.69796359 0.40078038
v 0.25791996 0.73530751 0.474877
v 0.28948766 0.77313345 0.54610252
v 0.25056687 0.77896171 0.46050354
v 0.27830466 0.82225859 0.53053027
v 0.30607646 0.86381149 0.59422051
v 0.25740876 0.86936861 0.51591986
v 0.28108355 0.91550815 0.57835745
v 0.31186521 0.96058404 0.62864238
v 0.24580451 0.96148312 0.56412762
v 0.27050969 1.01244688 0.61378425
v 0.30298492 1.06556463 0.6459847
v 0.35333797 1.00735867 0.66022497
v 0.34007108 1.1195929 0.65084582
v 0.39990991 1.05332863 0.6626293
v 0.37723305 1.16917896 0.62962156
v 0.27544274 1.17952549 0.63762354
v 0.30697408 1.23634064 0.6169452
v 0.33698216 1.28663837 0.57916384
v 0.23275838 1.29673659 0.60295957
v 0.25952744 1.35344886 0.56461167
v 0.28381198 1.39983737 0.50749659
v 0.17653535 1.40540587 0.55169367
v 0.19554673 1.4562236 0.49401068
v 0.20786689 1.4941529 0.42472773
v 0.29967728 1.43468105 0.4378463
v 0.21672748 1.52809321 0.35297516
v 0.31218609 1.46534061 0.36459973
v 0.22445882 1.56185305 0.28246823
v 0.15538045 1.34220731 0.59068143
v 0.1382431 1.26746261 0.61126756
v 0.20751757 1.23275256 0.62314033
v 0.18546991 1.16115069 0.61650353
v 0.12515868 1.19150435 0.60761946
v 0.24660962 1.1178056 0.63005399
v 0.22281217 1.05728995 0.59996563
v 0.16988621 1.0953387 0.58764231
v 0.15780068 1.03568017 0.54109907
v 0.10712071 1.06024718 0.53397822
v 0.11429844 1.1219629 0.58089458
v 0.20451495 1.00185 0.55173736
v 0.19227333 0.94929885 0.49056798
v 0.14985896 0.98131901 0.48111787
v 0.22816954 0.91176378 0.50241822
v 0.2111721 0.86086285 0.43532446
v 0.17945583 0.89703071 0.42417505
v 0.23506087 0.82113581 0.44778809
v 0.20795285 0.77420103 0.3765282
v 0.1891285 0.81075364 0.36589306
v 0.21967192 0.73706316 0.38798356
v 0.18418498 0.69888234 0.31434318
v 0.17599082 0.73081535 0.30435216
v 0.18623139 0.66609001 0.3258332
v 0.14056967 0.64144593 0.25552994
v 0.13833119 0.66618228 0.24251629
v 0.13658213 0.61606973 0.26906588
v 0.092763 0.60640382 0.22113329
v 0.0959366 0.62724584 0.20825973
v 0.08561668 0.58727985 0.2331044
v 0.05521385 0.58094286 0.2123975
v 0.06061113 0.59972655 0.19747996
v 0.06395545 0.62061625 0.18356132
v 0.0647741 0.64444708 0.17108446
v 0.09476353 0.64961421 0.19637486
v 0.06400609 0.67245698 0.16249579
v 0.09194998 0.67296242 0.18632972
v 0.13064678 0.69007861 0.23057285
v 0.06312838 0.706016 0.1632623
v 0.06738076 0.77119892 0.19874365
v 0.08065876 0.84420561 0.26783317
v 0.09287763 0.90199267 0.33928939
v 0.12968973 0.87578934 0.34617543
v 0.09952658 0.95456141 0.40805667
v 0.14199988 0.92856806 0.41478145
v 0.16261932 0.84524124 0.35562688
v 0.10332721 1.00630033 0.47414469
v 0.71089708 0.07082235 0.70294588
v 0.46624633 0.56909173 0.20797093
v 0.49180403 0.64294678 0.43562001
v 0.48758566 0.82586032 0.26241606
v 0.47925251 0.86453956 0.40863764
v 0.47291964 0.61244279 0.19269345
v 0.43544343 0.58088767 0.12062414
v 0.43590989 0.52265578 0.1699538
v 0.43520441 0.48194977 0.23270151
v 0.47292983 0.5588743 0.25131502
v 0.48811334 0.61517572 0.25155398
v 0.49623611 0.63257062 0.39608824
v 0.47187104 0.56104207 0.4344843
v 0.4705235 0.60128223 0.48504975
v 0.49565422 0.6825546 0.44174179
v 0.50307488 0.68049919 0.38927909
v 0.4702472 0.65982246 0.51973515
v 0.49386018 0.78943377 0.25883808
v 0.49911397 0.78887313 0.30187833
v 0.48971265 0.83414775 0.29625961
v 0.46457791 0.90149939 0.27010089
v 0.46707356 0.86927127 0.22495959
v 0.47049683 0.82591247 0.19048616
v 0.46144351 0.90150475 0.43345066
v 0.46036693 0.91999429 0.3794105
v 0.48389992 0.86049306 0.37118768
v 0.49558985 0.80995106 0.38136029
v 0.48566862 0.82695418 0.42978495
v 0.46319839 0.85864269 0.48789006
v 0.46519008 0.79660999 0.52274841
v 0.42661783 0.8159362 0.59180504
v 0.42665547 0.89698499 0.54462361
v 0.42430764 0.95419573 0.47379273
v 0.49057507 0.7783342 0.45072522
v 0.49370881 0.72653484 0.4541727
v 0.46748587 0.72626781 0.53355997
v 0.50151938 0.76518684 0.38981282
v 0.50397568 0.72204524 0.3911083
v 0.5044974 0.75638687 0.34514412
v 0.50631868 0.7145614 0.34663298
v 0.50455945 0.67139166 0.34798935
v 0.5047183 0.70998114 0.29968485
v 0.5025649 0.66548609 0.30105796
v 0.49447909 0.61180704 0.3046351
v 0.49619722 0.61607563 0.35527175
v 0.47385737 0.54217761 0.30867779
v 0.47382527 0.54109472 0.37217423
v 0.43496263 0.46227973 0.3076871
v 0.43571868 0.46497249 0.39265853
v 0.43441975 0.49499261 0.47539752
v 0.38516342 0.39692154 0.41308867
v 0.38382896 0.43717512 0.51463544
v 0.38231757 0.51110178 0.59940558
v 0.43297597 0.55366402 0.54487234
v 0.38202482 0.61000967 0.65486031
v 0.43274629 0.63394159 0.5915699
v 0.37959054 0.722449 0.67438286
v 0.42920848 0.72499948 0.60738825
v 0.37728628 0.83487075 0.65419691
v 0.31865233 0.71997714 0.7311896
v 0.31701061 0.85044962 0.70824289
v 0.31576174 0.96438455 0.64363104
v 0.37605279 0.93286341 0.59713059
v 0.3152132 1.04828906 0.54801535
v 0.37501579 1.00350034 0.51373302
v 0.31522855 1.0959568 0.43488505
v 0.37487879 1.04242706 0.4170542
v 0.42321342 0.98294985 0.39742973
v 0.37566968 1.04925239 0.3173916
v 0.42434868 0.98620754 0.32015699
v 0.46176084 0.91954189 0.32460564
v 0.4264006 0.96634244 0.24497975
v 0.48738321 0.85063409 0.33263191
v 0.49914681 0.79847675 0.34098267
v 0.50335562 0.75069713 0.30072805
v 0.49649247 0.7535578 0.24663783
v 0.49680531 0.71156793 0.24234631
v 0.47318577 0.77362948 0.16942027
v 0.47443518 0.71825039 0.16326025
v 0.47456535 0.66249191 0.17155519
v 0.49487358 0.66504913 0.24611859
v 0.43491211 0.72506147 0.08302636
v 0.43536344 0.64968699 0.09201824
v 0.38262966 0.72939854 0.01306179
v 0.38368687 0.63442981 0.02352032
v 0.38424831 0.54602903 0.06078071
v 0.32167977 0.62103152 -0.03488903
v 0.32246908 0.51566588 0.00925537
v 0.32262861 0.42533832 0.08387958
v 0.38477668 0.46955618 0.12394718
v 0.32254666 0.3603684 0.18566298
v 0.38431763 0.41565752 0.20855836
v 0.32307082 0.32971921 0.30503961
v 0.38458523 0.39052501 0.30724048
v 0.32307919 0.33826804 0.4303151
v 0.25069478 0.2795192 0.30270436
v 0.25143608 0.29006767 0.44418665
v 0.25101831 0.3470087 0.5768184
v 0.32220014 0.38733127 0.54919326
v 0.24996258 0.44460651 0.68476021
v 0.32093462 0.47377753 0.64693707
v 0.24936428 0.57307434 0.75571876
v 0.32039302 0.58960413 0.70969849
v 0.2483097 0.71713197 0.78004521
v 0.17027741 0.56026452 0.78984475
v 0.16966265 0.71502941 0.81640201
v 0.16889654 0.87117439 0.79011696
v 0.24634268 0.86297434 0.75524646
v 0.16815319 1.00919759 0.71420157
v 0.24605341 0.99013268 0.68406647
v 0.16777922 1.11343622 0.59939497
v 0.24560678 1.08539307 0.57741653
v 0.16788411 1.17399609 0.46156644
v 0.24551269 1.14001536 0.45026931
v 0.16783021 1.18866419 0.31648358
v 0.24573111 1.15278768 0.31684628
v 0.31499302 1.10620844 0.31719797
v 0.24650105 1.12578642 0.1889615
v 0.31587865 1.08159601 0.20420639
v 0.3765397 1.02753996 0.22301839
v 0.31748065 1.0245397 0.10516952
v 0.3783518 0.9790039 0.13988915
v 0.42913371 0.92601096 0.17982026
v 0.38071754 0.90846949 0.07339929
v 0.43132373 0.86849105 0.12888954
v 0.38256892 0.82284694 0.02951104
v 0.43382594 0.79934108 0.09510086
v 0.31952521 0.94347924 0.02622096
v 0.32006481 0.84323382 -0.02567673
v 0.32128372 0.73283618 -0.04689807
v 0.2489638 0.8603146 -0.07151547
v 0.24924299 0.73548507 -0.09515684
v 0.25008443 0.60925614 -0.0823882
v 0.17120692 0.7372539 -0.13189442
v 0.17180234 0.60089826 -0.11856886
v 0.17258353 0.47338238 -0.06634914
v 0.25113427 0.49075537 -0.0336655
v 0.17307755 0.36378225 0.02298305
v 0.2517243 0.38955214 0.05010141
v 0.1721214 0.28037515 0.15067139
v 0.25092929 0.31425902 0.16570994
v 0.17193532 0.24216996 0.30054453
v 0.08680017 0.26092857 0.14061623
v 0.08704617 0.22013776 0.29954779
v 0.08689265 0.23352921 0.46179556
v 0.17179741 0.25438705 0.4552294
v 0.08657913 0.29936495 0.61087578
v 0.17141741 0.31674832 0.5984525
v 0.08625309 0.40922886 0.73089093
v 0.17081272 0.42190852 0.71401268
v 0.08605726 0.55288451 0.80977016
v 0.08563059 0.7136988 0.83784729
v 0.08526638 0.87596923 0.8108868
v 0.08509556 1.01983439 0.73226475
v 0.08509048 1.12914753 0.6127873
v 0.08493828 1.19328808 0.46873384
v 0.08493991 1.2092694 0.31666103
v 0.08516844 1.17939543 0.17094694
v 0.16839715 1.15969097 0.17758825
v 0.08541169 1.10974216 0.04320218
v 0.16895411 1.0927118 0.05544018
v 0.24734334 1.06374454 0.07654127
v 0.17021638 0.99388766 -0.04101673
v 0.24817314 0.9723339 -0.01223302
v 0.17082139 0.87256115 -0.10549403
v 0.08561646 1.00645542 -0.05802421
v 0.08601994 0.88004058 -0.12601026
v 0.08618244 0.73854053 -0.15319223
v 0.08642935 0.59629583 -0.13965815
v 0.08638593 0.46425521 -0.08698919
v 0.08309865 0.35126927 0.00287668
g Group23473
f 1 27 28 29
f 1 29 30 31
f 1 31 32 27
f 2 33 34 35
f 2 36 37 33
f 2 38 39 36
f 2 40 41 38
f 2 35 42 40
f 3 43 44 45
f 3 45 46 47
f 3 47 48 43
f 4 49 50 51
f 4 51 52 53
f 4 54 55 56
f 4 56 57 49
f 5 58 59 60
f 5 60 61 62
f 5 62 63 58
f 6 64 65 66
f 6 66 67 68
f 6 68 69 64
f 7 70 71 72
f 7 73 74 75
f 7 72 76 73
f 7 77 78 70
f 7 75 79 77
f 8 80 81 82
f 8 82 83 84
f 8 85 86 80
f 8 87 88 85
f 8 84 89 87
f 9 90 91 92
f 9 93 94 90
f 9 92 95 93
f 10 96 97 98
f 10 98 99 100
f 10 100 101 96
f 11 102 103 104
f 11 105 106 107
f 11 104 108 105
f 11 109 110 102
f 11 107 111 109
f 12 112 113 114
f 12 114 115 116
f 12 116 117 112
f 13 118 119 120
f 13 121 122 118
f 13 120 123 121
f 14 124 125 126
f 14 127 128 124
f 14 126 129 130
f 14 130 131 132
f 14 132 133 127
f 15 134 135 136
f 15 136 137 138
f 15 138 139 134
f 16 140 141 142
f 16 142 143 144
f 16 144 145 140
f 17 146 147 148
f 17 149 150 146
f 17 148 151 149
f 18 152 153 50
f 18 50 49 154
f 18 155 156 152
f 18 157 158 155
f 18 154 159 157
f 19 160 161 162
f 19 162 163 164
f 19 165 166 160
f 19 47 46 165
f 19 164 48 47
f 20 167 168 169
f 20 170 171 167
f 20 169 172 170
f 21 173 174 175
f 21 176 177 173
f 22 178 179 180
f 22 181 182 178
f 22 180 183 184
f 23 185 186 187
f 23 188 189 185
f 23 187 190 188
f 24 191 192 193
f 24 194 195 191
f 24 193 196 194
f 25 197 198 199
f 25 200 201 197
f 25 202 203 200
f 25 204 205 202
f 25 199 206 204
f 26 207 208 209
f 26 210 211 207
f 26 212 213 210
f 26 209 214 215
f 26 215 216 212
f 216 215 217 218
f 216 218 219 220
f 216 220 221 212
f 221 220 222 223
f 221 223 224 225
f 221 225 213 212
f 225 224 226 227
f 225 227 228 213
f 228 227 229 230
f 228 230 231 232
f 228 232 210 213
f 232 231 233 234
f 232 234 211 210
f 234 233 235 236
f 234 236 237 211
f 237 238 207 211
f 237 236 239 240
f 237 240 241 238
f 241 242 243 238
f 241 240 244 245
f 241 245 246 242
f 246 247 248 242
f 246 245 249 250
f 246 250 251 247
f 251 252 253 247
f 251 250 254 255
f 251 255 256 252
f 256 257 258 252
f 256 255 259 260
f 256 260 261 257
f 261 262 263 257
f 261 260 264 265
f 261 265 266 262
f 266 267 268 262
f 266 265 269 270
f 266 270 271 267
f 271 272 273 267
f 271 270 274 275
f 271 275 276 272
f 276 277 278 272
f 276 275 279 280
f 276 280 281 277
f 281 282 283 277
f 281 280 284 285
f 281 285 286 282
f 286 287 288 282
f 286 285 289 290
f 286 290 291 287
f 291 292 293 287
f 291 290 294 295
f 291 295 296 292
f 296 297 298 292
f 296 295 299 300
f 296 300 301 297
f 301 302 303 297
f 301 300 304 305
f 301 305 306 302
f 306 307 308 302
f 306 305 309 310
f 306 310 311 307
f 311 312 313 307
f 311 310 314 315
f 311 315 316 312
f 316 317 318 312
f 316 315 319 320
f 316 320 321 317
f 321 322 323 317
f 321 320 324 325
f 321 325 326 322
f 326 327 328 322
f 326 325 329 330
f 326 330 331 327
f 331 332 333 327
f 331 330 334 335
f 331 335 336 332
f 336 337 338 332
f 336 335 339 340
f 336 340 341 337
f 341 342 343 337
f 341 340 344 345
f 341 345 346 342
f 346 347 348 342
f 346 345 349 350
f 346 350 351 347
f 351 352 353 347
f 351 350 354 355
f 351 355 356 352
f 356 357 358 352
f 356 355 359 360
f 356 360 361 357
f 361 362 363 357
f 361 360 364 365
f 361 365 366 362
f 366 367 368 362
f 366 365 369 370
f 366 370 371 367
f 371 372 373 367
f 371 370 374 375
f 371 375 376 372
f 376 377 378 372
f 376 375 379 380
f 376 380 381 377
f 381 382 383 377
f 381 380 384 385
f 381 385 386 382
f 386 387 388 382
f 386 385 69 389
f 386 389 390 387
f 390 389 391 392
f 390 392 393 394
f 390 394 145 387
f 394 393 395 396
f 394 396 140 145
f 396 395 397 398
f 396 398 141 140
f 398 397 399 400
f 398 400 401 141
f 401 402 142 141
f 401 400 63 62
f 401 62 61 402
f 402 61 403 404
f 402 404 143 142
f 404 403 405 406
f 404 406 407 143
f 407 406 408 383
f 407 383 382 388
f 407 388 144 143
f 408 406 405 409
f 408 409 410 378
f 408 378 377 383
f 410 409 99 98
f 410 98 97 373
f 410 373 372 378
f 409 405 411 99
f 411 412 413 414
f 411 414 100 99
f 411 405 403 412
f 414 413 415 416
f 414 416 101 100
f 416 415 417 418
f 416 418 419 101
f 419 418 420 421
f 419 421 363 422
f 419 422 96 101
f 422 363 362 368
f 422 368 97 96
f 421 420 423 358
f 421 358 357 363
f 423 420 424 425
f 423 425 426 353
f 423 353 352 358
f 426 425 427 428
f 426 428 429 348
f 426 348 347 353
f 429 428 430 431
f 429 431 432 343
f 429 343 342 348
f 432 431 433 434
f 432 434 435 338
f 432 338 337 343
f 435 434 436 437
f 435 437 438 333
f 435 333 332 338
f 438 437 439 440
f 438 440 441 328
f 438 328 327 333
f 441 440 442 443
f 441 443 444 323
f 441 323 322 328
f 444 443 445 446
f 444 446 447 318
f 444 318 317 323
f 447 446 448 449
f 447 449 450 313
f 447 313 312 318
f 450 449 451 452
f 450 452 453 308
f 450 308 307 313
f 453 452 454 455
f 453 455 456 303
f 453 303 302 308
f 456 455 457 458
f 456 458 459 298
f 456 298 297 303
f 459 458 460 461
f 459 461 462 293
f 459 293 292 298
f 462 461 463 464
f 462 464 465 288
f 462 288 287 293
f 465 464 466 467
f 465 467 468 283
f 465 283 282 288
f 468 467 469 470
f 468 470 471 278
f 468 278 277 283
f 471 470 472 473
f 471 473 474 273
f 471 273 272 278
f 474 473 475 476
f 474 476 477 268
f 474 268 267 273
f 477 476 478 479
f 477 479 480 263
f 477 263 262 268
f 480 479 481 482
f 480 482 483 258
f 480 258 257 263
f 483 482 484 485
f 483 485 486 253
f 483 253 252 258
f 486 485 487 488
f 486 488 489 248
f 486 248 247 253
f 489 488 490 491
f 489 491 208 243
f 489 243 242 248
f 491 490 492 493
f 491 493 209 208
f 493 492 494 495
f 493 495 214 209
f 495 494 496 497
f 495 497 498 214
f 498 497 499 500
f 498 500 501 217
f 498 217 215 214
f 501 500 34 161
f 501 161 160 502
f 501 502 218 217
f 502 160 166 503
f 502 503 219 218
f 503 166 28 504
f 503 504 505 219
f 505 504 506 507
f 505 507 508 222
f 505 222 220 219
f 508 507 509 510
f 508 510 511 512
f 508 512 223 222
f 512 511 513 514
f 512 514 224 223
f 514 513 515 516
f 514 516 226 224
f 516 515 517 518
f 516 518 519 226
f 519 518 520 521
f 519 521 522 229
f 519 229 227 226
f 522 521 523 524
f 522 524 525 526
f 522 526 230 229
f 526 525 527 528
f 526 528 231 230
f 528 527 529 530
f 528 530 233 231
f 530 529 531 532
f 530 532 235 233
f 532 531 533 534
f 532 534 535 235
f 535 239 236 235
f 535 534 536 537
f 535 537 538 239
f 538 244 240 239
f 538 537 539 540
f 538 540 541 244
f 541 249 245 244
f 541 540 542 543
f 541 543 544 249
f 544 254 250 249
f 544 543 545 546
f 544 546 547 254
f 547 259 255 254
f 547 546 548 549
f 547 549 550 259
f 550 264 260 259
f 550 549 551 552
f 550 552 553 264
f 553 269 265 264
f 553 552 554 555
f 553 555 556 269
f 556 274 270 269
f 556 555 557 558
f 556 558 559 274
f 559 279 275 274
f 559 558 560 561
f 559 561 562 279
f 562 284 280 279
f 562 561 563 564
f 562 564 565 284
f 565 289 285 284
f 565 564 566 567
f 565 567 568 289
f 568 294 290 289
f 568 567 569 570
f 568 570 571 294
f 571 299 295 294
f 571 570 572 573
f 571 573 574 299
f 574 304 300 299
f 574 573 575 576
f 574 576 577 304
f 577 309 305 304
f 577 576 578 579
f 577 579 580 309
f 580 314 310 309
f 580 579 581 582
f 580 582 583 314
f 583 319 315 314
f 583 582 584 585
f 583 585 586 319
f 586 324 320 319
f 586 585 587 588
f 586 588 589 324
f 589 329 325 324
f 589 588 590 591
f 589 591 592 329
f 592 334 330 329
f 592 591 593 594
f 592 594 595 334
f 595 339 335 334
f 595 594 596 597
f 595 597 598 339
f 598 344 340 339
f 598 597 599 600
f 598 600 601 344
f 601 349 345 344
f 601 600 602 603
f 601 603 604 349
f 604 354 350 349
f 604 603 605 606
f 604 606 607 354
f 607 359 355 354
f 607 606 608 609
f 607 609 610 359
f 610 364 360 359
f 610 609 611 612
f 610 612 613 364
f 613 369 365 364
f 613 612 614 615
f 613 615 616 369
f 616 374 370 369
f 616 615 617 618
f 616 618 619 374
f 619 379 375 374
f 619 618 620 621
f 619 621 622 379
f 622 384 380 379
f 622 621 623 65
f 622 65 64 384
f 623 621 620 624
f 623 624 625 626
f 623 626 66 65
f 626 625 627 628
f 626 628 67 66
f 628 627 629 630
f 628 630 631 67
f 631 391 68 67
f 631 630 632 633
f 631 633 392 391
f 633 632 634 635
f 633 635 393 392
f 635 634 636 637
f 635 637 395 393
f 637 636 638 639
f 637 639 397 395
f 639 638 640 641
f 639 641 399 397
f 641 640 642 643
f 641 643 644 399
f 644 63 400 399
f 644 643 645 646
f 644 646 58 63
f 646 645 647 648
f 646 648 59 58
f 648 647 417 415
f 648 415 413 59
f 647 645 649 650
f 647 650 424 417
f 650 649 651 427
f 650 427 425 424
f 651 649 642 652
f 651 652 653 430
f 651 430 428 427
f 653 652 654 655
f 653 655 656 433
f 653 433 431 430
f 656 655 657 658
f 656 658 659 436
f 656 436 434 433
f 659 658 660 661
f 659 661 662 439
f 659 439 437 436
f 662 661 663 664
f 662 664 665 442
f 662 442 440 439
f 665 664 666 667
f 665 667 668 445
f 665 445 443 442
f 668 667 669 670
f 668 670 671 448
f 668 448 446 445
f 671 670 672 673
f 671 673 674 451
f 671 451 449 448
f 674 673 675 676
f 674 676 677 454
f 674 454 452 451
f 677 676 678 679
f 677 679 680 457
f 677 457 455 454
f 680 679 681 682
f 680 682 683 460
f 680 460 458 457
f 683 682 684 685
f 683 685 686 463
f 683 463 461 460
f 686 685 687 688
f 686 688 689 466
f 686 466 464 463
f 689 688 690 691
f 689 691 692 469
f 689 469 467 466
f 692 691 693 694
f 692 694 695 472
f 692 472 470 469
f 695 694 696 697
f 695 697 698 475
f 695 475 473 472
f 698 697 699 700
f 698 700 701 478
f 698 478 476 475
f 701 700 702 703
f 701 703 704 481
f 701 481 479 478
f 704 703 705 706
f 704 706 707 484
f 704 484 482 481
f 707 706 708 709
f 707 709 710 487
f 707 487 485 484
f 710 709 711 712
f 710 712 492 490
f 710 490 488 487
f 712 711 713 714
f 712 714 494 492
f 714 713 715 716
f 714 716 496 494
f 716 715 717 718
f 716 718 719 496
f 719 718 720 42
f 719 42 35 499
f 719 499 497 496
f 720 721 722 723
f 720 723 40 42
f 720 718 717 721
f 723 722 724 725
f 723 725 41 40
f 725 724 726 727
f 725 727 728 41
f 728 727 729 730
f 728 730 731 732
f 728 732 38 41
f 732 731 733 734
f 732 734 39 38
f 734 733 735 736
f 734 736 737 39
f 737 736 738 739
f 737 739 740 741
f 737 741 36 39
f 741 740 742 743
f 741 743 37 36
f 743 742 744 745
f 743 745 163 37
f 745 744 746 747
f 745 747 164 163
f 747 746 748 749
f 747 749 48 164
f 749 748 750 751
f 749 751 43 48
f 751 750 752 753
f 751 753 44 43
f 753 752 754 755
f 753 755 756 44
f 756 755 757 758
f 756 758 759 760
f 756 760 45 44
f 760 759 31 30
f 760 30 46 45
f 759 758 180 179
f 759 179 32 31
f 758 757 183 180
f 757 761 762 183
f 757 755 754 761
f 762 763 764 765
f 762 765 184 183
f 762 761 766 763
f 766 767 768 763
f 766 761 754 769
f 766 769 770 767
f 770 771 159 767
f 770 769 772 773
f 770 773 774 771
f 774 775 776 771
f 774 773 777 778
f 774 778 779 775
f 779 780 781 775
f 779 778 782 783
f 779 783 784 780
f 784 785 786 780
f 784 783 103 787
f 784 787 788 785
f 788 789 790 785
f 788 787 791 792
f 788 792 793 789
f 793 794 795 789
f 793 792 796 797
f 793 797 798 794
f 798 195 194 794
f 796 792 791 799
f 799 791 102 110
f 795 196 800 801
f 795 801 790 789
f 795 794 194 196
f 801 800 802 803
f 801 803 804 790
f 804 803 146 150
f 804 150 805 786
f 804 786 785 790
f 805 150 149 806
f 805 806 807 781
f 805 781 780 786
f 807 806 808 158
f 807 158 157 776
f 807 776 775 781
f 808 151 809 810
f 808 810 155 158
f 808 806 149 151
f 810 809 811 812
f 810 812 156 155
f 811 809 813 814
f 814 813 815 816
f 816 815 817 818
f 818 817 819 820
f 820 819 193 192
f 819 817 802 800
f 819 800 196 193
f 817 815 147 802
f 815 813 148 147
f 813 809 151 148
f 803 802 147 146
f 791 787 103 102
f 783 782 104 103
f 782 778 777 821
f 782 821 108 104
f 821 777 822 823
f 821 823 824 108
f 824 823 748 746
f 824 746 744 825
f 824 825 105 108
f 825 744 742 826
f 825 826 106 105
f 826 742 740 827
f 826 827 828 106
f 828 827 829 830
f 828 830 831 832
f 828 832 107 106
f 832 831 833 834
f 832 834 111 107
f 833 831 835 836
f 836 835 837 838
f 838 837 839 840
f 840 839 841 842
f 842 841 843 844
f 844 843 845 846
f 846 845 847 848
f 848 847 849 850
f 850 849 851 852
f 852 851 853 854
f 854 853 855 856
f 856 855 857 858
f 858 857 859 860
f 860 859 861 862
f 862 861 863 864
f 864 863 865 866
f 866 865 867 868
f 868 867 869 870
f 870 869 871 872
f 872 871 873 874
f 874 873 875 876
f 876 875 877 878
f 878 877 879 880
f 880 879 881 882
f 882 881 883 884
f 884 883 885 886
f 886 885 887 888
f 888 887 889 890
f 890 889 891 892
f 892 891 893 894
f 894 893 895 896
f 896 895 897 898
f 898 897 899 900
f 900 899 901 902
f 902 901 903 904
f 904 903 905 906
f 906 905 907 908
f 908 907 909 910
f 910 909 911 912
f 912 911 913 914
f 914 913 915 916
f 916 915 917 918
f 918 917 919 920
f 920 919 921 922
f 922 921 923 924
f 924 923 925 926
f 926 925 927 928
f 928 927 929 930
f 930 929 931 932
f 932 931 933 934
f 934 933 935 936
f 936 935 937 938
f 938 937 939 940
f 940 939 941 942
f 942 941 943 944
f 944 943 945 946
f 946 945 947 948
f 948 947 949 950
f 950 949 951 952
f 952 951 953 954
f 954 953 955 956
f 956 955 957 958
f 958 957 959 960
f 960 959 961 962
f 962 961 963 964
f 964 963 965 966
f 966 965 967 968
f 968 967 969 970
f 970 969 971 972
f 972 971 973 974
f 974 973 975 976
f 976 975 977 978
f 978 977 979 980
f 980 979 981 982
f 982 981 983 984
f 984 983 985 986
f 986 985 987 988
f 988 987 989 990
f 990 989 991 992
f 992 991 52 993
f 993 52 51 994
f 994 51 50 153
f 991 989 995 996
f 991 996 53 52
f 996 995 997 998
f 996 998 999 53
f 999 998 1000 1001
f 999 1001 1002 54
f 999 54 4 53
f 1002 1001 1003 1004
f 1002 1004 1005 1006
f 1002 1006 55 54
f 1006 1005 1007 1008
f 1006 1008 1009 55
f 1009 1008 1010 1011
f 1009 1011 1012 1013
f 1009 1013 56 55
f 1013 1012 765 764
f 1013 764 57 56
f 1012 1011 1014 1015
f 1012 1015 184 765
f 1015 1014 1016 1017
f 1015 1017 22 184
f 1017 1016 1018 1019
f 1017 1019 181 22
f 1019 1018 1020 1021
f 1019 1021 1022 181
f 1022 1021 1023 1024
f 1022 1024 1025 1026
f 1022 1026 182 181
f 1026 1025 511 510
f 1026 510 509 182
f 1025 1024 1027 1028
f 1025 1028 513 511
f 1028 1027 1029 1030
f 1028 1030 515 513
f 1030 1029 1031 1032
f 1030 1032 517 515
f 1032 1031 1033 1034
f 1032 1034 1035 517
f 1035 1034 1036 1037
f 1035 1037 1038 520
f 1035 520 518 517
f 1038 1037 1039 1040
f 1038 1040 1041 523
f 1038 523 521 520
f 1041 1040 1042 1043
f 1041 1043 1044 1045
f 1041 1045 524 523
f 1045 1044 1046 1047
f 1045 1047 525 524
f 1047 1046 1048 1049
f 1047 1049 527 525
f 1049 1048 74 1050
f 1049 1050 529 527
f 1050 74 73 1051
f 1050 1051 531 529
f 1051 73 76 1052
f 1051 1052 533 531
f 1052 76 1053 1054
f 1052 1054 1055 533
f 1055 536 534 533
f 1055 1054 1056 1057
f 1055 1057 1058 536
f 1058 539 537 536
f 1058 1057 1059 1060
f 1058 1060 1061 539
f 1061 542 540 539
f 1061 1060 1062 1063
f 1061 1063 1064 542
f 1064 545 543 542
f 1064 1063 1065 1066
f 1064 1066 1067 545
f 1067 548 546 545
f 1067 1066 1068 1069
f 1067 1069 1070 548
f 1070 551 549 548
f 1070 1069 201 200
f 1070 200 203 551
f 1069 1068 1071 201
f 1071 1068 1072 1073
f 1071 1073 1074 1075
f 1071 1075 197 201
f 1075 1074 1076 1077
f 1075 1077 198 197
f 1077 1076 1078 1079
f 1077 1079 1080 198
f 1080 1081 199 198
f 1080 1079 1082 1083
f 1080 1083 1084 1081
f 1084 1083 845 843
f 1084 843 841 1085
f 1084 1085 1086 1081
f 1086 206 199 1081
f 1086 1085 1087 1088
f 1086 1088 1089 206
f 1089 1090 204 206
f 1089 1088 1091 1092
f 1089 1092 735 1090
f 1092 1091 1093 738
f 1092 738 736 735
f 1093 1091 1094 1095
f 1093 1095 830 829
f 1093 829 739 738
f 1095 1094 837 835
f 1095 835 831 830
f 1094 1091 1088 1087
f 1094 1087 839 837
f 1090 1096 205 204
f 1090 735 733 1096
f 1096 1097 1098 205
f 1096 733 731 1097
f 1098 1099 557 1100
f 1098 1100 202 205
f 1098 1097 1101 1099
f 1101 1102 560 1099
f 1101 1097 731 730
f 1101 730 729 1102
f 1102 563 561 560
f 1102 729 1103 563
f 1103 566 564 563
f 1103 729 727 726
f 1103 726 1104 566
f 1104 569 567 566
f 1104 726 724 1105
f 1104 1105 1106 569
f 1106 572 570 569
f 1106 1105 1107 1108
f 1106 1108 1109 572
f 1109 575 573 572
f 1109 1108 1110 1111
f 1109 1111 1112 575
f 1112 578 576 575
f 1112 1111 1113 1114
f 1112 1114 1115 578
f 1115 581 579 578
f 1115 1114 1116 1117
f 1115 1117 1118 581
f 1118 584 582 581
f 1118 1117 1119 1120
f 1118 1120 1121 584
f 1121 587 585 584
f 1121 1120 1122 1123
f 1121 1123 1124 587
f 1124 590 588 587
f 1124 1123 1125 1126
f 1124 1126 1127 590
f 1127 593 591 590
f 1127 1126 1128 1129
f 1127 1129 1130 593
f 1130 596 594 593
f 1130 1129 1131 1132
f 1130 1132 1133 596
f 1133 599 597 596
f 1133 1132 1134 1135
f 1133 1135 1136 599
f 1136 602 600 599
f 1136 1135 1137 1138
f 1136 1138 1139 602
f 1139 605 603 602
f 1139 1138 1140 1141
f 1139 1141 1142 605
f 1142 608 606 605
f 1142 1141 1143 1144
f 1142 1144 1145 608
f 1145 611 609 608
f 1145 1144 1146 1147
f 1145 1147 1148 611
f 1148 614 612 611
f 1148 1147 1149 1150
f 1148 1150 1151 614
f 1151 617 615 614
f 1151 1150 1152 1153
f 1151 1153 1154 617
f 1154 620 618 617
f 1154 1153 1155 1156
f 1154 1156 624 620
f 1156 1155 1157 1158
f 1156 1158 625 624
f 1158 1157 1159 1160
f 1158 1160 627 625
f 1160 1159 1161 1162
f 1160 1162 629 627
f 1162 1161 1163 1164
f 1162 1164 1165 629
f 1165 632 630 629
f 1165 1164 1166 1167
f 1165 1167 634 632
f 1167 1166 1168 1169
f 1167 1169 636 634
f 1169 1168 657 1170
f 1169 1170 638 636
f 1170 657 655 654
f 1170 654 640 638
f 1168 1166 1171 660
f 1168 660 658 657
f 1171 1166 1164 1163
f 1171 1163 1172 663
f 1171 663 661 660
f 1172 1163 1161 1173
f 1172 1173 1174 666
f 1172 666 664 663
f 1174 1173 1175 1176
f 1174 1176 1177 669
f 1174 669 667 666
f 1177 1176 1178 1179
f 1177 1179 1180 672
f 1177 672 670 669
f 1180 1179 1181 1182
f 1180 1182 1183 675
f 1180 675 673 672
f 1183 1182 1184 1185
f 1183 1185 1186 678
f 1183 678 676 675
f 1186 1185 1187 1188
f 1186 1188 1189 681
f 1186 681 679 678
f 1189 1188 1190 1191
f 1189 1191 1192 684
f 1189 684 682 681
f 1192 1191 1193 1194
f 1192 1194 1195 687
f 1192 687 685 684
f 1195 1194 1196 1197
f 1195 1197 1198 690
f 1195 690 688 687
f 1198 1197 1199 1200
f 1198 1200 1201 693
f 1198 693 691 690
f 1201 1200 1202 1203
f 1201 1203 1204 696
f 1201 696 694 693
f 1204 1203 1205 1206
f 1204 1206 1207 699
f 1204 699 697 696
f 1207 1206 1208 1209
f 1207 1209 1210 702
f 1207 702 700 699
f 1210 1209 1211 1212
f 1210 1212 1213 705
f 1210 705 703 702
f 1213 1212 1214 1215
f 1213 1215 1216 708
f 1213 708 706 705
f 1216 1215 1217 1218
f 1216 1218 713 711
f 1216 711 709 708
f 1218 1217 1219 1220
f 1218 1220 715 713
f 1220 1219 1221 1222
f 1220 1222 717 715
f 1222 1221 1110 1223
f 1222 1223 721 717
f 1223 1110 1108 1107
f 1223 1107 722 721
f 1221 1113 1111 1110
f 1221 1219 1224 1113
f 1224 1116 1114 1113
f 1224 1219 1217 1225
f 1224 1225 1226 1116
f 1226 1119 1117 1116
f 1226 1225 1214 1227
f 1226 1227 1228 1119
f 1228 1122 1120 1119
f 1228 1227 1211 1229
f 1228 1229 1230 1122
f 1230 1125 1123 1122
f 1230 1229 1208 1231
f 1230 1231 1232 1125
f 1232 1128 1126 1125
f 1232 1231 1205 1233
f 1232 1233 1234 1128
f 1234 1131 1129 1128
f 1234 1233 1202 1235
f 1234 1235 1236 1131
f 1236 1134 1132 1131
f 1236 1235 1199 1237
f 1236 1237 1238 1134
f 1238 1137 1135 1134
f 1238 1237 1196 1239
f 1238 1239 1240 1137
f 1240 1140 1138 1137
f 1240 1239 1193 1241
f 1240 1241 1242 1140
f 1242 1143 1141 1140
f 1242 1241 1190 1243
f 1242 1243 1244 1143
f 1244 1146 1144 1143
f 1244 1243 1187 1245
f 1244 1245 1246 1146
f 1246 1149 1147 1146
f 1246 1245 1184 1247
f 1246 1247 1248 1149
f 1248 1152 1150 1149
f 1248 1247 1181 1249
f 1248 1249 1250 1152
f 1250 1155 1153 1152
f 1250 1249 1178 1251
f 1250 1251 1157 1155
f 1251 1178 1176 1175
f 1251 1175 1159 1157
f 1249 1181 1179 1178
f 1247 1184 1182 1181
f 1245 1187 1185 1184
f 1243 1190 1188 1187
f 1241 1193 1191 1190
f 1239 1196 1194 1193
f 1237 1199 1197 1196
f 1235 1202 1200 1199
f 1233 1205 1203 1202
f 1231 1208 1206 1205
f 1229 1211 1209 1208
f 1227 1214 1212 1211
f 1225 1217 1215 1214
f 1175 1173 1161 1159
f 1107 1105 724 722
f 1100 557 555 554
f 1100 554 203 202
f 1099 560 558 557
f 1087 1085 841 839
f 1083 1082 847 845
f 1082 1079 1078 1252
f 1082 1252 849 847
f 1252 1078 1253 1254
f 1252 1254 851 849
f 1254 1253 1255 1256
f 1254 1256 853 851
f 1256 1255 1257 1258
f 1256 1258 855 853
f 1258 1257 1259 1260
f 1258 1260 857 855
f 1260 1259 1261 1262
f 1260 1262 859 857
f 1262 1261 1263 1264
f 1262 1264 861 859
f 1264 1263 1265 1266
f 1264 1266 863 861
f 1266 1265 1267 1268
f 1266 1268 865 863
f 1268 1267 1269 1270
f 1268 1270 867 865
f 1270 1269 1271 1272
f 1270 1272 869 867
f 1272 1271 1273 1274
f 1272 1274 871 869
f 1274 1273 1275 1276
f 1274 1276 873 871
f 1276 1275 1277 1278
f 1276 1278 875 873
f 1278 1277 1279 1280
f 1278 1280 877 875
f 1280 1279 1281 1282
f 1280 1282 879 877
f 1282 1281 1283 1284
f 1282 1284 881 879
f 1284 1283 1285 1286
f 1284 1286 883 881
f 1286 1285 1287 1288
f 1286 1288 885 883
f 1288 1287 1289 1290
f 1288 1290 887 885
f 1290 1289 1291 1292
f 1290 1292 889 887
f 1292 1291 1293 1294
f 1292 1294 891 889
f 1294 1293 1295 1296
f 1294 1296 893 891
f 1296 1295 1297 1298
f 1296 1298 895 893
f 1298 1297 1299 1300
f 1298 1300 897 895
f 1300 1299 1301 1302
f 1300 1302 899 897
f 1302 1301 1303 1304
f 1302 1304 901 899
f 1304 1303 1305 1306
f 1304 1306 903 901
f 1306 1305 1307 1308
f 1306 1308 905 903
f 1308 1307 1309 1310
f 1308 1310 907 905
f 1310 1309 1311 1312
f 1310 1312 909 907
f 1312 1311 1313 1314
f 1312 1314 911 909
f 1314 1313 1315 1316
f 1314 1316 913 911
f 1316 1315 1317 1318
f 1316 1318 915 913
f 1318 1317 1319 1320
f 1318 1320 917 915
f 1320 1321 919 917
f 1320 1319 1322 1321
f 1322 1323 1324 1321
f 1322 1319 1325 1326
f 1322 1326 1327 1323
f 1327 1328 1329 1323
f 1327 1326 1330 1331
f 1327 1331 1332 1328
f 1332 1333 1334 1328
f 1332 1331 1335 1336
f 1332 1336 1337 1333
f 1337 1338 1339 1333
f 1337 1336 1340 1341
f 1337 1341 1342 1338
f 1342 1343 1344 1338
f 1342 1341 1345 1346
f 1342 1346 1347 1343
f 1347 1348 1349 1343
f 1347 1346 1350 1351
f 1347 1351 1352 1348
f 1352 1353 1354 1348
f 1352 1351 1355 1356
f 1352 1356 1357 1353
f 1357 1358 1359 1353
f 1357 1356 1360 1361
f 1357 1361 1362 1358
f 1362 1363 1364 1358
f 1362 1361 1365 1020
f 1362 1020 1018 1363
f 1365 1361 1360 1366
f 1365 1366 1367 1023
f 1365 1023 1021 1020
f 1367 1366 1368 1369
f 1367 1369 1029 1027
f 1367 1027 1024 1023
f 1369 1368 1370 1371
f 1369 1371 1031 1029
f 1371 1370 1372 1373
f 1371 1373 1033 1031
f 1373 1372 1374 1375
f 1373 1375 1376 1033
f 1376 1375 1377 1378
f 1376 1378 1379 1036
f 1376 1036 1034 1033
f 1379 1378 1380 1381
f 1379 1381 1382 1039
f 1379 1039 1037 1036
f 1382 1381 1383 1384
f 1382 1384 1385 1042
f 1382 1042 1040 1039
f 1385 1384 1386 1387
f 1385 1387 1388 1389
f 1385 1389 1043 1042
f 1389 1388 1390 1391
f 1389 1391 1044 1043
f 1391 1390 1392 1393
f 1391 1393 1046 1044
f 1393 1392 1394 1395
f 1393 1395 1048 1046
f 1395 1394 79 75
f 1395 75 74 1048
f 1394 1392 1396 1397
f 1394 1397 1398 79
f 1398 1397 1399 1400
f 1398 1400 1401 1402
f 1398 1402 77 79
f 1402 1401 83 1403
f 1402 1403 78 77
f 1403 83 82 1404
f 1403 1404 1405 78
f 1405 1404 1406 1407
f 1405 1407 1408 1409
f 1405 1409 70 78
f 1409 1408 1410 1411
f 1409 1411 71 70
f 1411 1410 1412 1413
f 1411 1413 1414 71
f 1414 1415 72 71
f 1414 1413 1416 1417
f 1414 1417 1418 1415
f 1418 1419 1053 1415
f 1418 1417 1420 1421
f 1418 1421 1422 1419
f 1422 1423 1056 1419
f 1422 1421 1424 1425
f 1422 1425 1426 1423
f 1426 1427 1059 1423
f 1426 1425 1428 1429
f 1426 1429 1430 1427
f 1430 1431 1062 1427
f 1430 1429 1432 1433
f 1430 1433 1434 1431
f 1434 1072 1065 1431
f 1434 1433 1435 1436
f 1434 1436 1073 1072
f 1436 1435 1437 1438
f 1436 1438 1074 1073
f 1438 1437 1439 1440
f 1438 1440 1076 1074
f 1440 1439 1255 1253
f 1440 1253 1078 1076
f 1439 1437 1441 1442
f 1439 1442 1257 1255
f 1442 1441 1443 1444
f 1442 1444 1259 1257
f 1444 1443 130 129
f 1444 129 1261 1259
f 1443 1441 1445 1446
f 1443 1446 131 130
f 1446 1445 1432 1447
f 1446 1447 1448 131
f 1448 1447 1428 1449
f 1448 1449 1450 1451
f 1448 1451 132 131
f 1451 1450 1452 1453
f 1451 1453 133 132
f 1453 1452 1454 1455
f 1453 1455 1456 133
f 1456 1455 1457 1458
f 1456 1458 1459 1460
f 1456 1460 127 133
f 1460 1459 1461 1462
f 1460 1462 128 127
f 1462 1461 1463 1464
f 1462 1464 1465 128
f 1465 1466 124 128
f 1465 1464 1467 1468
f 1465 1468 1469 1466
f 1469 1470 1471 1466
f 1469 1468 1472 1473
f 1469 1473 1474 1470
f 1474 1271 1269 1470
f 1474 1473 1475 1476
f 1474 1476 1273 1271
f 1476 1475 1477 1478
f 1476 1478 1275 1273
f 1478 1477 1479 1480
f 1478 1480 1277 1275
f 1480 1479 88 1481
f 1480 1481 1279 1277
f 1481 88 87 1482
f 1481 1482 1281 1279
f 1482 87 89 1483
f 1482 1483 1283 1281
f 1483 89 1484 1485
f 1483 1485 1285 1283
f 1485 1484 1486 1487
f 1485 1487 1287 1285
f 1487 1486 1488 1489
f 1487 1489 1289 1287
f 1489 1488 1490 1491
f 1489 1491 1291 1289
f 1491 1490 1492 1493
f 1491 1493 1293 1291
f 1493 1492 1494 1495
f 1493 1495 1295 1293
f 1495 1494 1496 1497
f 1495 1497 1297 1295
f 1497 1496 1498 1499
f 1497 1499 1299 1297
f 1499 1498 1500 1501
f 1499 1501 1301 1299
f 1501 1500 1502 1503
f 1501 1503 1303 1301
f 1503 1502 1504 1505
f 1503 1505 1305 1303
f 1505 1504 1506 1507
f 1505 1507 1307 1305
f 1507 1506 1508 1509
f 1507 1509 1309 1307
f 1509 1508 1510 1511
f 1509 1511 1311 1309
f 1511 1510 1512 1513
f 1511 1513 1313 1311
f 1513 1512 1514 1515
f 1513 1515 1315 1313
f 1515 1514 1516 1517
f 1515 1517 1317 1315
f 1517 1516 1518 1325
f 1517 1325 1319 1317
f 1518 1330 1326 1325
f 1518 1516 1519 1520
f 1518 1520 1521 1330
f 1521 1335 1331 1330
f 1521 1520 1522 1523
f 1521 1523 1524 1335
f 1524 1340 1336 1335
f 1524 1523 1525 1526
f 1524 1526 1527 1340
f 1527 1345 1341 1340
f 1527 1526 1528 1529
f 1527 1529 1530 1345
f 1530 1350 1346 1345
f 1530 1529 1531 1532
f 1530 1532 1533 1350
f 1533 1355 1351 1350
f 1533 1532 1534 1535
f 1533 1535 1536 1355
f 1536 1360 1356 1355
f 1536 1535 1370 1368
f 1536 1368 1366 1360
f 1535 1534 1372 1370
f 1534 1532 1531 1537
f 1534 1537 1374 1372
f 1537 1531 1538 1539
f 1537 1539 1540 1374
f 1540 1539 1541 1542
f 1540 1542 1543 1377
f 1540 1377 1375 1374
f 1543 1542 1544 1545
f 1543 1545 1546 1380
f 1543 1380 1378 1377
f 1546 1545 1547 1548
f 1546 1548 1549 1383
f 1546 1383 1381 1380
f 1549 1548 1550 1551
f 1549 1551 1552 1386
f 1549 1386 1384 1383
f 1552 1551 1553 1554
f 1552 1554 1555 1556
f 1552 1556 1387 1386
f 1556 1555 1557 1558
f 1556 1558 1388 1387
f 1558 1557 1559 1560
f 1558 1560 1390 1388
f 1560 1559 1561 1396
f 1560 1396 1392 1390
f 1561 1559 1562 1563
f 1561 1563 1564 1399
f 1561 1399 1397 1396
f 1564 1563 1490 1488
f 1564 1488 1486 1565
f 1564 1565 1400 1399
f 1565 1486 1484 1566
f 1565 1566 1401 1400
f 1566 1484 89 84
f 1566 84 83 1401
f 1563 1562 1492 1490
f 1562 1559 1557 1567
f 1562 1567 1494 1492
f 1567 1557 1555 1568
f 1567 1568 1496 1494
f 1568 1555 1554 1569
f 1568 1569 1498 1496
f 1569 1554 1553 1570
f 1569 1570 1500 1498
f 1570 1553 1571 1572
f 1570 1572 1502 1500
f 1572 1571 1573 1574
f 1572 1574 1504 1502
f 1574 1573 1575 1576
f 1574 1576 1506 1504
f 1576 1575 1577 1578
f 1576 1578 1508 1506
f 1578 1577 1579 1580
f 1578 1580 1510 1508
f 1580 1579 1581 1582
f 1580 1582 1512 1510
f 1582 1581 175 1583
f 1582 1583 1514 1512
f 1583 175 174 1519
f 1583 1519 1516 1514
f 1581 176 21 175
f 1581 1579 1584 176
f 1584 1585 177 176
f 1584 1579 1577 1586
f 1584 1586 1587 1585
f 1587 1588 1589 1585
f 1587 1586 1590 1591
f 1587 1591 1544 1588
f 1591 1590 1592 1547
f 1591 1547 1545 1544
f 1592 1590 1575 1573
f 1592 1573 1571 1550
f 1592 1550 1548 1547
f 1590 1586 1577 1575
f 1589 1593 1594 1595
f 1589 1595 177 1585
f 1589 1588 1541 1593
f 1595 1594 1525 1596
f 1595 1596 173 177
f 1596 1525 1523 1522
f 1596 1522 174 173
f 1594 1528 1526 1525
f 1594 1593 1538 1528
f 1593 1541 1539 1538
f 1588 1544 1542 1541
f 1571 1553 1551 1550
f 1538 1531 1529 1528
f 1522 1520 1519 174
f 1479 1477 1597 1598
f 1479 1598 85 88
f 1598 1597 1599 1600
f 1598 1600 86 85
f 1600 1599 1601 1602
f 1600 1602 1603 86
f 1603 1602 1604 1605
f 1603 1605 1606 1607
f 1603 1607 80 86
f 1607 1606 1608 1609
f 1607 1609 81 80
f 1609 1608 1610 1611
f 1609 1611 1406 81
f 1611 1610 1612 1613
f 1611 1613 1407 1406
f 1613 1612 1614 1615
f 1613 1615 1408 1407
f 1615 1614 1616 1617
f 1615 1617 1410 1408
f 1617 1616 1618 1619
f 1617 1619 1412 1410
f 1619 1618 1620 1621
f 1619 1621 1622 1412
f 1622 1416 1413 1412
f 1622 1621 1623 1624
f 1622 1624 1625 1416
f 1625 1420 1417 1416
f 1625 1624 1626 1627
f 1625 1627 1628 1420
f 1628 1424 1421 1420
f 1628 1627 1452 1450
f 1628 1450 1449 1424
f 1627 1626 1454 1452
f 1626 1624 1623 1629
f 1626 1629 1630 1454
f 1630 1629 1631 1632
f 1630 1632 1633 1457
f 1630 1457 1455 1454
f 1633 1632 1634 1635
f 1633 1635 1636 1637
f 1633 1637 1458 1457
f 1637 1636 1638 1639
f 1637 1639 1459 1458
f 1639 1638 1640 1641
f 1639 1641 1461 1459
f 1641 1640 1642 1643
f 1641 1643 1463 1461
f 1643 1642 1644 1645
f 1643 1645 1646 1463
f 1646 1467 1464 1463
f 1646 1645 1647 1648
f 1646 1648 1649 1467
f 1649 1472 1468 1467
f 1649 1648 1650 1651
f 1649 1651 1652 1472
f 1652 1475 1473 1472
f 1652 1651 1599 1597
f 1652 1597 1477 1475
f 1651 1650 1601 1599
f 1650 1648 1647 1653
f 1650 1653 1654 1601
f 1654 1653 1655 1656
f 1654 1656 1657 1604
f 1654 1604 1602 1601
f 1657 1656 1658 1659
f 1657 1659 1660 1661
f 1657 1661 1605 1604
f 1661 1660 1662 1663
f 1661 1663 1606 1605
f 1663 1662 1664 1665
f 1663 1665 1608 1606
f 1665 1664 1666 1667
f 1665 1667 1610 1608
f 1667 1666 1668 1669
f 1667 1669 1612 1610
f 1669 1668 1670 1671
f 1669 1671 1614 1612
f 1671 1670 1672 1673
f 1671 1673 1616 1614
f 1673 1672 1674 1675
f 1673 1675 1618 1616
f 1675 1674 1676 1677
f 1675 1677 1620 1618
f 1677 1676 1678 1679
f 1677 1679 1680 1620
f 1680 1623 1621 1620
f 1680 1679 1681 1631
f 1680 1631 1629 1623
f 1681 1679 1678 1682
f 1681 1682 1683 1634
f 1681 1634 1632 1631
f 1683 1682 1684 1685
f 1683 1685 1686 1687
f 1683 1687 1635 1634
f 1687 1686 1688 1689
f 1687 1689 1636 1635
f 1689 1688 1690 1691
f 1689 1691 1638 1636
f 1691 1690 1692 1693
f 1691 1693 1640 1638
f 1693 1692 1694 1695
f 1693 1695 1642 1640
f 1695 1694 1696 1697
f 1695 1697 1644 1642
f 1697 1696 1698 1699
f 1697 1699 1700 1644
f 1700 1647 1645 1644
f 1700 1699 1701 1655
f 1700 1655 1653 1647
f 1701 1699 1698 1702
f 1701 1702 1703 1658
f 1701 1658 1656 1655
f 1703 1702 1704 1705
f 1703 1705 1706 1707
f 1703 1707 1659 1658
f 1707 1706 1708 1709
f 1707 1709 1660 1659
f 1709 1708 1710 1711
f 1709 1711 1662 1660
f 1711 1710 1712 1713
f 1711 1713 1664 1662
f 1713 1712 1714 1715
f 1713 1715 1666 1664
f 1715 1714 1716 1717
f 1715 1717 1668 1666
f 1717 1716 1718 1719
f 1717 1719 1670 1668
f 1719 1718 1720 1721
f 1719 1721 1672 1670
f 1721 1720 1722 1723
f 1721 1723 1674 1672
f 1723 1722 1724 1725
f 1723 1725 1676 1674
f 1725 1724 1726 1727
f 1725 1727 1678 1676
f 1727 1726 1728 1684
f 1727 1684 1682 1678
f 1728 1726 1729 1730
f 1728 1730 1731 1732
f 1728 1732 1685 1684
f 1732 1731 1733 1734
f 1732 1734 1686 1685
f 1734 1733 1735 1736
f 1734 1736 1688 1686
f 1736 1735 1737 1738
f 1736 1738 1690 1688
f 1738 1737 1739 1740
f 1738 1740 1692 1690
f 1740 1739 1741 1742
f 1740 1742 1694 1692
f 1742 1741 1743 1744
f 1742 1744 1696 1694
f 1744 1743 1745 1746
f 1744 1746 1698 1696
f 1746 1745 1747 1704
f 1746 1704 1702 1698
f 1747 1745 1748 1749
f 1747 1749 1750 1751
f 1747 1751 1705 1704
f 1751 1750 1752 1753
f 1751 1753 1706 1705
f 1753 1752 1754 1755
f 1753 1755 1708 1706
f 1755 1754 1756 1757
f 1755 1757 1710 1708
f 1757 1756 1758 1759
f 1757 1759 1712 1710
f 1759 1758 1760 1761
f 1759 1761 1714 1712
f 1761 1760 1762 1763
f 1761 1763 1716 1714
f 1763 1762 1764 1765
f 1763 1765 1718 1716
f 1765 1764 1766 1767
f 1765 1767 1720 1718
f 1767 1766 1768 1769
f 1767 1769 1722 1720
f 1769 1768 1770 1771
f 1769 1771 1724 1722
f 1771 1770 1772 1729
f 1771 1729 1726 1724
f 1772 1770 1773 1774
f 1772 1774 1775 1776
f 1772 1776 1730 1729
f 1776 1775 1777 1778
f 1776 1778 1731 1730
f 1778 1777 1779 1780
f 1778 1780 1733 1731
f 1780 1779 1781 1782
f 1780 1782 1735 1733
f 1782 1781 1783 1784
f 1782 1784 1737 1735
f 1784 1783 1785 1786
f 1784 1786 1739 1737
f 1786 1785 1787 1788
f 1786 1788 1741 1739
f 1788 1787 1789 1790
f 1788 1790 1743 1741
f 1790 1789 1791 1748
f 1790 1748 1745 1743
f 1791 1789 1792 1793
f 1791 1793 1794 1795
f 1791 1795 1749 1748
f 1795 1794 1796 1797
f 1795 1797 1750 1749
f 1797 1796 1798 1799
f 1797 1799 1752 1750
f 1799 1798 1800 1801
f 1799 1801 1754 1752
f 1801 1800 1802 1803
f 1801 1803 1756 1754
f 1803 1802 1804 1805
f 1803 1805 1758 1756
f 1805 1804 1806 1807
f 1805 1807 1760 1758
f 1807 1806 1808 1809
f 1807 1809 1762 1760
f 1809 1808 1810 1811
f 1809 1811 1764 1762
f 1811 1810 1812 1813
f 1811 1813 1766 1764
f 1813 1812 1814 1815
f 1813 1815 1768 1766
f 1815 1814 1816 1773
f 1815 1773 1770 1768
f 1816 1814 1817 1818
f 1816 1818 1819 1820
f 1816 1820 1774 1773
f 1820 1819 1821 1822
f 1820 1822 1775 1774
f 1822 1821 1823 1824
f 1822 1824 1777 1775
f 1824 1823 1825 1826
f 1824 1826 1779 1777
f 1826 1825 1827 1828
f 1826 1828 1781 1779
f 1828 1827 1829 1830
f 1828 1830 1783 1781
f 1830 1829 1831 1832
f 1830 1832 1785 1783
f 1832 1831 1833 1834
f 1832 1834 1787 1785
f 1834 1833 1835 1792
f 1834 1792 1789 1787
f 1835 1833 1836 1837
f 1835 1837 1838 1839
f 1835 1839 1793 1792
f 1839 1838 1840 1841
f 1839 1841 1794 1793
f 1841 1840 1842 1843
f 1841 1843 1796 1794
f 1843 1842 1844 1845
f 1843 1845 1798 1796
f 1845 1844 1846 1847
f 1845 1847 1800 1798
f 1847 1846 1848 1849
f 1847 1849 1802 1800
f 1849 1848 1850 1851
f 1849 1851 1804 1802
f 1851 1850 1852 1853
f 1851 1853 1806 1804
f 1853 1852 1854 1855
f 1853 1855 1808 1806
f 1855 1854 1856 1857
f 1855 1857 1810 1808
f 1857 1856 1858 1859
f 1857 1859 1812 1810
f 1859 1858 1860 1817
f 1859 1817 1814 1812
f 1860 1858 1861 1862
f 1860 1862 1863 1864
f 1860 1864 1818 1817
f 1864 1863 1865 1866
f 1864 1866 1819 1818
f 1866 1865 1867 1868
f 1866 1868 1821 1819
f 1868 1867 1869 1870
f 1868 1870 1823 1821
f 1870 1869 1871 1872
f 1870 1872 1825 1823
f 1872 1871 1873 1874
f 1872 1874 1827 1825
f 1874 1873 1875 1876
f 1874 1876 1829 1827
f 1876 1875 1877 1878
f 1876 1878 1831 1829
f 1878 1877 1879 1836
f 1878 1836 1833 1831
f 1879 1877 1880 1881
f 1879 1881 1882 1883
f 1879 1883 1837 1836
f 1883 1882 1884 1885
f 1883 1885 1838 1837
f 1885 1884 1886 1887
f 1885 1887 1840 1838
f 1887 1886 1888 1889
f 1887 1889 1842 1840
f 1889 1888 1890 1891
f 1889 1891 1844 1842
f 1891 1890 1892 1893
f 1891 1893 1846 1844
f 1893 1892 1894 1895
f 1893 1895 1848 1846
f 1895 1894 1896 1897
f 1895 1897 1850 1848
f 1897 1896 1898 1899
f 1897 1899 1852 1850
f 1899 1898 1900 1901
f 1899 1901 1854 1852
f 1901 1900 1902 1903
f 1901 1903 1856 1854
f 1903 1902 1904 1861
f 1903 1861 1858 1856
f 1904 1902 1905 1906
f 1904 1906 1907 1908
f 1904 1908 1862 1861
f 1908 1907 1909 1910
f 1908 1910 1863 1862
f 1910 1909 1911 1912
f 1910 1912 1865 1863
f 1912 1911 1913 1914
f 1912 1914 1867 1865
f 1914 1913 1915 1916
f 1914 1916 1869 1867
f 1916 1915 1917 1918
f 1916 1918 1871 1869
f 1918 1917 1919 1920
f 1918 1920 1873 1871
f 1920 1919 1921 1922
f 1920 1922 1875 1873
f 1922 1921 1923 1880
f 1922 1880 1877 1875
f 1923 1921 1924 1925
f 1923 1925 1926 1927
f 1923 1927 1881 1880
f 1927 1926 1928 1929
f 1927 1929 1882 1881
f 1929 1928 1930 1931
f 1929 1931 1884 1882
f 1931 1930 1932 1933
f 1931 1933 1886 1884
f 1933 1932 1934 1935
f 1933 1935 1888 1886
f 1935 1934 1936 1937
f 1935 1937 1890 1888
f 1937 1936 1938 1939
f 1937 1939 1892 1890
f 1939 1938 1940 1941
f 1939 1941 1894 1892
f 1941 1940 1942 1943
f 1941 1943 1896 1894
f 1943 1942 1944 1945
f 1943 1945 1898 1896
f 1945 1944 1946 1947
f 1945 1947 1900 1898
f 1947 1946 1948 1905
f 1947 1905 1902 1900
f 1948 1946 1949 1950
f 1948 1950 1951 1952
f 1948 1952 1906 1905
f 1952 1951 1953 1954
f 1952 1954 1907 1906
f 1954 1953 1955 1956
f 1954 1956 1909 1907
f 1956 1955 1957 1958
f 1956 1958 1911 1909
f 1958 1957 1959 1960
f 1958 1960 1913 1911
f 1960 1959 1961 1962
f 1960 1962 1915 1913
f 1962 1961 1963 1964
f 1962 1964 1917 1915
f 1964 1963 1965 1966
f 1964 1966 1919 1917
f 1966 1965 1967 1924
f 1966 1924 1921 1919
f 1967 1965 1968 1969
f 1967 1969 1970 1971
f 1967 1971 1925 1924
f 1971 1970 1972 1973
f 1971 1973 1926 1925
f 1973 1972 1974 1975
f 1973 1975 1928 1926
f 1975 1974 1976 1977
f 1975 1977 1930 1928
f 1977 1976 1978 1979
f 1977 1979 1932 1930
f 1979 1978 1980 1981
f 1979 1981 1934 1932
f 1981 1980 1982 1983
f 1981 1983 1936 1934
f 1983 1982 1984 1985
f 1983 1985 1938 1936
f 1985 1984 1986 1987
f 1985 1987 1940 1938
f 1987 1986 1988 1989
f 1987 1989 1942 1940
f 1989 1988 1990 1991
f 1989 1991 1944 1942
f 1991 1990 1992 1949
f 1991 1949 1946 1944
f 1992 1990 1993 1994
f 1992 1994 1995 1996
f 1992 1996 1950 1949
f 1996 1995 1997 1998
f 1996 1998 1951 1950
f 1998 1997 1999 2000
f 1998 2000 1953 1951
f 2000 1999 2001 2002
f 2000 2002 1955 1953
f 2002 2001 2003 2004
f 2002 2004 1957 1955
f 2004 2003 2005 2006
f 2004 2006 1959 1957
f 2006 2005 2007 2008
f 2006 2008 1961 1959
f 2008 2007 2009 2010
f 2008 2010 1963 1961
f 2010 2009 2011 1968
f 2010 1968 1965 1963
f 2011 2009 2012 2013
f 2011 2013 2014 2015
f 2011 2015 1969 1968
f 2015 2014 2016 2017
f 2015 2017 1970 1969
f 2017 2016 2018 2019
f 2017 2019 1972 1970
f 2019 2018 2020 2021
f 2019 2021 1974 1972
f 2021 2020 2022 2023
f 2021 2023 1976 1974
f 2023 2022 2024 2025
f 2023 2025 1978 1976
f 2025 2024 2026 2027
f 2025 2027 1980 1978
f 2027 2026 2028 2029
f 2027 2029 1982 1980
f 2029 2028 2030 2031
f 2029 2031 1984 1982
f 2031 2030 2032 2033
f 2031 2033 1986 1984
f 2033 2032 2034 2035
f 2033 2035 1988 1986
f 2035 2034 2036 1993
f 2035 1993 1990 1988
f 2036 2034 2037 2038
f 2036 2038 2039 2040
f 2036 2040 1994 1993
f 2040 2039 2041 2042
f 2040 2042 1995 1994
f 2042 2041 2043 2044
f 2042 2044 1997 1995
f 2044 2043 2045 2046
f 2044 2046 1999 1997
f 2046 2045 2047 2048
f 2046 2048 2001 1999
f 2048 2047 2049 2050
f 2048 2050 2003 2001
f 2050 2049 2051 2052
f 2050 2052 2005 2003
f 2052 2051 2053 2054
f 2052 2054 2007 2005
f 2054 2053 2055 2012
f 2054 2012 2009 2007
f 2055 2053 2056 2057
f 2055 2057 2058 2059
f 2055 2059 2013 2012
f 2059 2058 2060 2061
f 2059 2061 2014 2013
f 2061 2060 2062 2063
f 2061 2063 2016 2014
f 2063 2062 2064 2065
f 2063 2065 2018 2016
f 2065 2064 2066 2067
f 2065 2067 2020 2018
f 2067 2066 2068 2069
f 2067 2069 2022 2020
f 2069 2068 2070 2071
f 2069 2071 2024 2022
f 2071 2070 2072 2073
f 2071 2073 2026 2024
f 2073 2072 2074 2075
f 2073 2075 2028 2026
f 2075 2074 2076 2077
f 2075 2077 2030 2028
f 2077 2076 2078 2079
f 2077 2079 2032 2030
f 2079 2078 2080 2037
f 2079 2037 2034 2032
f 2080 2078 2081 2082
f 2080 2082 2083 2084
f 2080 2084 2038 2037
f 2084 2083 2085 2086
f 2084 2086 2039 2038
f 2086 2085 2087 2088
f 2086 2088 2041 2039
f 2088 2087 2089 2090
f 2088 2090 2043 2041
f 2090 2089 2091 2092
f 2090 2092 2045 2043
f 2092 2091 2093 2094
f 2092 2094 2047 2045
f 2094 2093 2095 2096
f 2094 2096 2049 2047
f 2096 2095 2097 2098
f 2096 2098 2051 2049
f 2098 2097 2099 2056
f 2098 2056 2053 2051
f 2099 2097 2100 2101
f 2099 2101 2102 2103
f 2099 2103 2057 2056
f 2103 2102 2104 2105
f 2103 2105 2058 2057
f 2105 2104 2106 2107
f 2105 2107 2060 2058
f 2107 2106 2108 2109
f 2107 2109 2062 2060
f 2109 2108 2110 2111
f 2109 2111 2064 2062
f 2111 2110 2112 2113
f 2111 2113 2066 2064
f 2113 2112 2114 2115
f 2113 2115 2068 2066
f 2115 2114 2116 2117
f 2115 2117 2070 2068
f 2117 2116 2118 2119
f 2117 2119 2072 2070
f 2119 2118 2120 2121
f 2119 2121 2074 2072
f 2121 2120 2122 2123
f 2121 2123 2076 2074
f 2123 2122 2124 2081
f 2123 2081 2078 2076
f 2124 2122 2125 2126
f 2124 2126 2127 2128
f 2124 2128 2082 2081
f 2128 2127 2129 2130
f 2128 2130 2083 2082
f 2130 2129 2131 2132
f 2130 2132 2085 2083
f 2132 2131 90 94
f 2132 94 2087 2085
f 2131 2129 2133 2134
f 2131 2134 91 90
f 2134 2133 2135 2136
f 2134 2136 2137 91
f 2137 2136 115 2138
f 2137 2138 2139 2140
f 2137 2140 92 91
f 2140 2141 95 92
f 2140 2139 2142 2141
f 2142 2095 2093 2141
f 2142 2139 2143 2100
f 2142 2100 2097 2095
f 2143 2139 2138 2144
f 2143 2144 2145 2146
f 2143 2146 2101 2100
f 2146 2145 2147 2148
f 2146 2148 2102 2101
f 2148 2147 2149 2150
f 2148 2150 2104 2102
f 2150 2149 134 139
f 2150 139 2106 2104
f 2149 2147 2151 2152
f 2149 2152 135 134
f 2152 2151 2153 2154
f 2152 2154 2155 135
f 2155 2154 2156 2157
f 2155 2157 2158 2159
f 2155 2159 136 135
f 2159 2158 2160 2161
f 2159 2161 137 136
f 2161 2112 2110 137
f 2161 2160 2114 2112
f 2160 2158 120 119
f 2160 119 2116 2114
f 2158 2157 123 120
f 2157 2156 2162 123
f 2162 2163 121 123
f 2162 2156 2164 2165
f 2162 2165 2166 2163
f 2166 2126 2125 2163
f 2166 2165 2167 2168
f 2166 2168 2127 2126
f 2168 2167 2135 2133
f 2168 2133 2129 2127
f 2167 2165 2164 117
f 2167 117 116 2135
f 2164 2153 112 117
f 2164 2156 2154 2153
f 2163 2125 122 121
f 2153 2151 113 112
f 2151 2147 2145 113
f 2145 2144 114 113
f 2144 2138 115 114
f 2141 2093 2091 95
f 2136 2135 116 115
f 2125 2122 2120 122
f 2120 2118 118 122
f 2118 2116 119 118
f 2110 2108 138 137
f 2108 2106 139 138
f 2091 2089 93 95
f 2089 2087 94 93
f 1471 1267 1265 125
f 1471 125 124 1466
f 1471 1470 1269 1267
f 1449 1428 1425 1424
f 1447 1432 1429 1428
f 1445 1435 1433 1432
f 1445 1441 1437 1435
f 1431 1065 1063 1062
f 1427 1062 1060 1059
f 1423 1059 1057 1056
f 1419 1056 1054 1053
f 1415 1053 76 72
f 1406 1404 82 81
f 1364 2169 2170 2171
f 1364 2171 1359 1358
f 1364 1363 2172 2169
f 2172 2173 2174 2169
f 2172 1363 1018 1016
f 2172 1016 1014 2173
f 2174 2175 2176 2177
f 2174 2177 2170 2169
f 2174 2173 1010 2175
f 2177 2176 2178 2179
f 2177 2179 2180 2170
f 2180 2179 2181 2182
f 2180 2182 2183 2184
f 2180 2184 2171 2170
f 2184 2183 2185 2186
f 2184 2186 1359 2171
f 2186 2185 2187 1354
f 2186 1354 1353 1359
f 2187 2185 2188 2189
f 2187 2189 2190 1349
f 2187 1349 1348 1354
f 2190 2189 2191 2192
f 2190 2192 2193 1344
f 2190 1344 1343 1349
f 2193 2192 2194 2195
f 2193 2195 2196 1339
f 2193 1339 1338 1344
f 2196 2195 2197 2198
f 2196 2198 2199 1334
f 2196 1334 1333 1339
f 2199 2198 2200 2201
f 2199 2201 2202 1329
f 2199 1329 1328 1334
f 2202 2201 925 923
f 2202 923 921 1324
f 2202 1324 1323 1329
f 2201 2200 927 925
f 2200 2203 929 927
f 2200 2198 2197 2203
f 2203 2204 931 929
f 2203 2197 2205 2204
f 2205 2206 2207 2204
f 2205 2197 2195 2194
f 2205 2194 2208 2206
f 2208 2209 2210 2206
f 2208 2194 2192 2191
f 2208 2191 2211 2209
f 2211 2212 2213 2209
f 2211 2191 2189 2188
f 2211 2188 2214 2212
f 2214 2215 2216 2212
f 2214 2188 2185 2183
f 2214 2183 2182 2215
f 2216 2217 2218 2219
f 2216 2219 2213 2212
f 2216 2215 2220 2217
f 2220 2221 2222 2217
f 2220 2215 2182 2181
f 2220 2181 2223 2221
f 2223 2224 2225 2221
f 2223 2181 2179 2178
f 2223 2178 2226 2224
f 2226 2227 2228 2224
f 2226 2178 2176 2229
f 2226 2229 2230 2227
f 2230 2231 2232 2227
f 2230 2229 1007 1005
f 2230 1005 1004 2231
f 2232 2233 2234 2235
f 2232 2235 2228 2227
f 2232 2231 2236 2233
f 2236 2237 2238 2233
f 2236 2231 1004 1003
f 2236 1003 2239 2237
f 2239 2240 2241 2237
f 2239 1003 1001 1000
f 2239 1000 2242 2240
f 2242 2243 2244 2240
f 2242 1000 998 997
f 2242 997 2245 2243
f 2245 2246 2247 2243
f 2245 997 995 2248
f 2245 2248 2249 2246
f 2249 2250 2251 2246
f 2249 2248 987 985
f 2249 985 983 2250
f 2251 188 190 2252
f 2251 2252 2247 2246
f 2251 2250 189 188
f 2252 190 2253 2254
f 2252 2254 2255 2247
f 2255 2254 2256 2257
f 2255 2257 2258 2244
f 2255 2244 2243 2247
f 2258 2257 2259 2260
f 2258 2260 2261 2241
f 2258 2241 2240 2244
f 2261 2260 2262 2263
f 2261 2263 2264 2238
f 2261 2238 2237 2241
f 2264 2263 2265 2266
f 2264 2266 2267 2234
f 2264 2234 2233 2238
f 2267 2266 2268 2269
f 2267 2269 2270 2271
f 2267 2271 2235 2234
f 2271 2270 2272 2273
f 2271 2273 2228 2235
f 2273 2272 2274 2225
f 2273 2225 2224 2228
f 2274 2272 2275 2276
f 2274 2276 2277 2222
f 2274 2222 2221 2225
f 2277 2276 2278 2279
f 2277 2279 2280 2218
f 2277 2218 2217 2222
f 2280 2279 2281 2282
f 2280 2282 2283 2284
f 2280 2284 2219 2218
f 2284 2283 2285 2286
f 2284 2286 2213 2219
f 2286 2285 2287 2210
f 2286 2210 2209 2213
f 2287 2285 937 935
f 2287 935 933 2207
f 2287 2207 2206 2210
f 2285 2283 939 937
f 2283 2282 941 939
f 2282 2281 943 941
f 2281 2288 945 943
f 2281 2279 2278 2288
f 2288 2289 947 945
f 2288 2278 2290 2289
f 2290 2291 2292 2289
f 2290 2278 2276 2275
f 2290 2275 2293 2291
f 2293 2294 2295 2291
f 2293 2275 2272 2270
f 2293 2270 2269 2294
f 2295 2296 2297 2298
f 2295 2298 2292 2291
f 2295 2294 2299 2296
f 2299 2300 2301 2296
f 2299 2294 2269 2268
f 2299 2268 2302 2300
f 2302 2303 2304 2300
f 2302 2268 2266 2265
f 2302 2265 2305 2303
f 2305 2306 2307 2303
f 2305 2265 2263 2262
f 2305 2262 2308 2306
f 2308 2309 2310 2306
f 2308 2262 2260 2259
f 2308 2259 2311 2309
f 2311 2312 2313 2309
f 2311 2259 2257 2256
f 2311 2256 2314 2312
f 2314 2315 2316 2312
f 2314 2256 2254 2253
f 2314 2253 2317 2315
f 2317 2318 2319 2315
f 2317 2253 190 187
f 2317 187 186 2318
f 2319 973 971 2320
f 2319 2320 2316 2315
f 2319 2318 975 973
f 2320 971 969 2321
f 2320 2321 2322 2316
f 2322 2321 2323 2324
f 2322 2324 2325 2313
f 2322 2313 2312 2316
f 2325 2324 168 167
f 2325 167 171 2310
f 2325 2310 2309 2313
f 2324 2323 2326 168
f 2326 965 963 2327
f 2326 2327 169 168
f 2326 2323 967 965
f 2327 963 961 2328
f 2327 2328 172 169
f 2328 961 959 2329
f 2328 2329 2330 172
f 2330 2329 2331 2332
f 2330 2332 2304 2333
f 2330 2333 170 172
f 2333 2304 2303 2307
f 2333 2307 171 170
f 2332 2331 2334 2301
f 2332 2301 2300 2304
f 2334 2331 957 955
f 2334 955 953 2297
f 2334 2297 2296 2301
f 2331 2329 959 957
f 2323 2321 969 967
f 2318 186 977 975
f 2310 171 2307 2306
f 2298 2297 953 951
f 2298 951 949 2292
f 2292 949 947 2289
f 2250 983 981 189
f 2248 995 989 987
f 2229 2176 2175 1007
f 2207 933 931 2204
f 2175 1010 1008 1007
f 2173 1014 1011 1010
f 1324 921 919 1321
f 1265 1263 126 125
f 1263 1261 129 126
f 1072 1068 1066 1065
f 981 979 185 189
f 979 977 186 185
f 829 827 740 739
f 823 822 750 748
f 822 777 773 772
f 822 772 752 750
f 776 157 159 771
f 772 769 754 752
f 768 154 49 57
f 768 57 764 763
f 768 767 159 154
f 654 652 642 640
f 649 645 643 642
f 554 552 551 203
f 509 2335 178 182
f 509 507 506 2335
f 2335 506 27 32
f 2335 32 179 178
f 506 504 28 27
f 500 499 35 34
f 424 420 418 417
f 413 412 60 59
f 412 403 61 60
f 391 389 69 68
f 388 387 145 144
f 385 384 64 69
f 373 97 368 367
f 243 208 207 238
f 166 165 29 28
f 165 46 30 29
f 163 162 33 37
f 162 161 34 33
g Group23488
f 2336 2340 2341 2342
f 2336 2342 2343 2344
f 2336 2344 2345 2340
f 2337 2346 2347 2348
f 2337 2349 2350 2346
f 2337 2348 2351 2349
f 2338 2352 2353 2354
f 2338 2354 2355 2356
f 2338 2356 2357 2352
f 2339 2358 2359 2360
f 2339 2360 2361 2362
f 2339 2362 2363 2358
f 2363 2364 2365 2366
f 2363 2366 2367 2358
f 2363 2362 2368 2364
f 2368 2369 2370 2364
f 2368 2362 2361 2371
f 2368 2371 2372 2369
f 2372 2371 2373 2374
f 2372 2374 2375 2350
f 2372 2350 2349 2369
f 2375 2374 2376 2377
f 2375 2377 2378 2379
f 2375 2379 2346 2350
f 2379 2378 2380 2381
f 2379 2381 2347 2346
f 2381 2380 2382 2383
f 2381 2383 2384 2347
f 2384 2383 2385 2386
f 2384 2386 2387 2388
f 2384 2388 2348 2347
f 2388 2387 2389 2390
f 2388 2390 2351 2348
f 2390 2389 2391 2392
f 2390 2392 2370 2351
f 2392 2391 2393 2365
f 2392 2365 2364 2370
f 2393 2391 2394 2395
f 2393 2395 2396 2397
f 2393 2397 2366 2365
f 2397 2396 2398 2399
f 2397 2399 2367 2366
f 2399 2398 2400 2401
f 2399 2401 2402 2367
f 2402 2401 2403 2404
f 2402 2404 2405 2359
f 2402 2359 2358 2367
f 2405 2404 2406 2355
f 2405 2355 2354 2407
f 2405 2407 2360 2359
f 2407 2354 2353 2408
f 2407 2408 2361 2360
f 2408 2353 2409 2373
f 2408 2373 2371 2361
f 2409 2353 2352 2410
f 2409 2410 2411 2376
f 2409 2376 2374 2373
f 2411 2410 2412 2413
f 2411 2413 2414 2415
f 2411 2415 2377 2376
f 2415 2414 2340 2345
f 2415 2345 2378 2377
f 2414 2413 2416 2417
f 2414 2417 2341 2340
f 2417 2416 2418 2419
f 2417 2419 2420 2341
f 2420 2419 2421 2422
f 2420 2422 2423 2424
f 2420 2424 2342 2341
f 2424 2423 2425 2426
f 2424 2426 2343 2342
f 2426 2425 2427 2428
f 2426 2428 2382 2343
f 2428 2427 2429 2385
f 2428 2385 2383 2382
f 2429 2427 2430 2431
f 2429 2431 2432 2433
f 2429 2433 2386 2385
f 2433 2432 2434 2435
f 2433 2435 2387 2386
f 2435 2434 2436 2437
f 2435 2437 2389 2387
f 2437 2436 2438 2394
f 2437 2394 2391 2389
f 2438 2436 2439 2440
f 2438 2440 2441 2442
f 2438 2442 2395 2394
f 2442 2441 2443 2444
f 2442 2444 2396 2395
f 2444 2443 2445 2446
f 2444 2446 2398 2396
f 2446 2445 2447 2448
f 2446 2448 2400 2398
f 2448 2447 2449 2450
f 2448 2450 2451 2400
f 2451 2450 2452 2453
f 2451 2453 2454 2403
f 2451 2403 2401 2400
f 2454 2453 2455 2456
f 2454 2456 2457 2406
f 2454 2406 2404 2403
f 2457 2456 2458 2459
f 2457 2459 2357 2356
f 2457 2356 2355 2406
f 2459 2458 2460 2461
f 2459 2461 2412 2357
f 2461 2460 2418 2416
f 2461 2416 2413 2412
f 2460 2458 2462 2463
f 2460 2463 2464 2418
f 2464 2463 2465 2466
f 2464 2466 2467 2421
f 2464 2421 2419 2418
f 2467 2466 2468 2469
f 2467 2469 2470 2471
f 2467 2471 2422 2421
f 2471 2470 2472 2473
f 2471 2473 2423 2422
f 2473 2472 2474 2475
f 2473 2475 2425 2423
f 2475 2474 2476 2430
f 2475 2430 2427 2425
f 2476 2474 2477 2478
f 2476 2478 2479 2480
f 2476 2480 2431 2430
f 2480 2479 2481 2482
f 2480 2482 2432 2431
f 2482 2481 2483 2484
f 2482 2484 2434 2432
f 2484 2483 2485 2439
f 2484 2439 2436 2434
f 2485 2483 2486 2487
f 2485 2487 2488 2489
f 2485 2489 2440 2439
f 2489 2488 2490 2491
f 2489 2491 2441 2440
f 2491 2490 2492 2493
f 2491 2493 2443 2441
f 2493 2492 2494 2495
f 2493 2495 2445 2443
f 2495 2494 2496 2497
f 2495 2497 2447 2445
f 2497 2496 2498 2499
f 2497 2499 2449 2447
f 2499 2498 2500 2501
f 2499 2501 2502 2449
f 2502 2501 2503 2504
f 2502 2504 2505 2452
f 2502 2452 2450 2449
f 2505 2504 2506 2507
f 2505 2507 2462 2455
f 2505 2455 2453 2452
f 2507 2506 2508 2465
f 2507 2465 2463 2462
f 2508 2506 2509 2510
f 2508 2510 2511 2468
f 2508 2468 2466 2465
f 2511 2510 2512 2513
f 2511 2513 2514 2515
f 2511 2515 2469 2468
f 2515 2514 2516 2517
f 2515 2517 2470 2469
f 2517 2516 2518 2519
f 2517 2519 2472 2470
f 2519 2518 2520 2477
f 2519 2477 2474 2472
f 2520 2521 2478 2477
f 2521 2522 2479 2478
f 2522 2523 2481 2479
f 2523 2486 2483 2481
f 2512 2510 2509 2524
f 2524 2509 2503 2525
f 2525 2503 2501 2500
f 2509 2506 2504 2503
f 2462 2458 2456 2455
f 2412 2410 2352 2357
f 2382 2380 2344 2343
f 2380 2378 2345 2344
f 2370 2369 2349 2351
g Group23473
f 2526 2554 2553 2552
f 2526 2556 2555 2554
f 2526 2552 2557 2556
f 2527 2560 2559 2558
f 2527 2558 2562 2561
f 2527 2561 2564 2563
f 2527 2563 2566 2565
f 2527 2565 2567 2560
f 2528 2570 2569 2568
f 2528 2572 2571 2570
f 2528 2568 2573 2572
f 2529 2576 2575 2574
f 2529 2578 2577 2576
f 2529 2581 2580 2579
f 2529 2574 2582 2581
f 2530 2585 2584 2583
f 2530 2587 2586 2585
f 2530 2583 2588 2587
f 2531 2591 2590 2589
f 2531 2593 2592 2591
f 2531 2589 2594 2593
f 2532 2597 2596 2595
f 2532 2600 2599 2598
f 2532 2598 2601 2597
f 2532 2595 2603 2602
f 2532 2602 2604 2600
f 2533 2607 2606 2605
f 2533 2609 2608 2607
f 2533 2605 2611 2610
f 2533 2610 2613 2612
f 2533 2612 2614 2609
f 2534 2617 2616 2615
f 2534 2615 2619 2618
f 2534 2618 2620 2617
f 2535 2623 2622 2621
f 2535 2625 2624 2623
f 2535 2621 2626 2625
f 2536 2629 2628 2627
f 2536 2632 2631 2630
f 2536 2630 2633 2629
f 2536 2627 110 109
f 2536 109 111 2632
f 2537 2636 2635 2634
f 2537 2638 2637 2636
f 2537 2634 2639 2638
f 2538 2642 2641 2640
f 2538 2640 2644 2643
f 2538 2643 2645 2642
f 2539 2648 2647 2646
f 2539 2646 2650 2649
f 2539 2652 2651 2648
f 2539 2654 2653 2652
f 2539 2649 2655 2654
f 2540 2658 2657 2656
f 2540 2660 2659 2658
f 2540 2656 2661 2660
f 2541 2664 2663 2662
f 2541 2666 2665 2664
f 2541 2662 2667 2666
f 2542 2670 2669 2668
f 2542 2668 2672 2671
f 2542 2671 2673 2670
f 2543 2575 153 152
f 2543 2674 2574 2575
f 2543 152 156 2675
f 2543 2675 2677 2676
f 2543 2676 2678 2674
f 2544 2681 2680 2679
f 2544 2683 2682 2681
f 2544 2679 2685 2684
f 2544 2684 2571 2572
f 2544 2572 2573 2683
f 2545 2688 2687 2686
f 2545 2686 2690 2689
f 2545 2689 2691 2688
f 2546 2694 2693 2692
f 2546 2692 2696 2695
f 2547 2699 2698 2697
f 2547 2697 2701 2700
f 2547 2703 2702 2699
f 2548 2706 2705 2704
f 2548 2704 2708 2707
f 2548 2707 2709 2706
f 2549 2710 192 191
f 2549 191 195 2711
f 2549 2711 2712 2710
f 2550 2715 2714 2713
f 2550 2713 2717 2716
f 2550 2716 2719 2718
f 2550 2718 2721 2720
f 2550 2720 2722 2715
f 2551 2725 2724 2723
f 2551 2723 2727 2726
f 2551 2726 2729 2728
f 2551 2731 2730 2725
f 2551 2728 2732 2731
f 2732 2734 2733 2731
f 2732 2736 2735 2734
f 2732 2728 2737 2736
f 2737 2739 2738 2736
f 2737 2741 2740 2739
f 2737 2728 2729 2741
f 2741 2743 2742 2740
f 2741 2729 2744 2743
f 2744 2746 2745 2743
f 2744 2748 2747 2746
f 2744 2729 2726 2748
f 2748 2750 2749 2747
f 2748 2726 2727 2750
f 2750 2752 2751 2749
f 2750 2727 2753 2752
f 2753 2727 2723 2754
f 2753 2756 2755 2752
f 2753 2754 2757 2756
f 2757 2754 2759 2758
f 2757 2761 2760 2756
f 2757 2758 2762 2761
f 2762 2758 2764 2763
f 2762 2766 2765 2761
f 2762 2763 2767 2766
f 2767 2763 2769 2768
f 2767 2771 2770 2766
f 2767 2768 2772 2771
f 2772 2768 2774 2773
f 2772 2776 2775 2771
f 2772 2773 2777 2776
f 2777 2773 2779 2778
f 2777 2781 2780 2776
f 2777 2778 2782 2781
f 2782 2778 2784 2783
f 2782 2786 2785 2781
f 2782 2783 2787 2786
f 2787 2783 2789 2788
f 2787 2791 2790 2786
f 2787 2788 2792 2791
f 2792 2788 2794 2793
f 2792 2796 2795 2791
f 2792 2793 2797 2796
f 2797 2793 2799 2798
f 2797 2801 2800 2796
f 2797 2798 2802 2801
f 2802 2798 2804 2803
f 2802 2806 2805 2801
f 2802 2803 2807 2806
f 2807 2803 2809 2808
f 2807 2811 2810 2806
f 2807 2808 2812 2811
f 2812 2808 2814 2813
f 2812 2816 2815 2811
f 2812 2813 2817 2816
f 2817 2813 2819 2818
f 2817 2821 2820 2816
f 2817 2818 2822 2821
f 2822 2818 2824 2823
f 2822 2826 2825 2821
f 2822 2823 2827 2826
f 2827 2823 2829 2828
f 2827 2831 2830 2826
f 2827 2828 2832 2831
f 2832 2828 2834 2833
f 2832 2836 2835 2831
f 2832 2833 2837 2836
f 2837 2833 2839 2838
f 2837 2841 2840 2836
f 2837 2838 2842 2841
f 2842 2838 2844 2843
f 2842 2846 2845 2841
f 2842 2843 2847 2846
f 2847 2843 2849 2848
f 2847 2851 2850 2846
f 2847 2848 2852 2851
f 2852 2848 2854 2853
f 2852 2856 2855 2851
f 2852 2853 2857 2856
f 2857 2853 2859 2858
f 2857 2861 2860 2856
f 2857 2858 2862 2861
f 2862 2858 2864 2863
f 2862 2866 2865 2861
f 2862 2863 2867 2866
f 2867 2863 2869 2868
f 2867 2871 2870 2866
f 2867 2868 2872 2871
f 2872 2868 2874 2873
f 2872 2876 2875 2871
f 2872 2873 2877 2876
f 2877 2873 2879 2878
f 2877 2881 2880 2876
f 2877 2878 2882 2881
f 2882 2878 2884 2883
f 2882 2886 2885 2881
f 2882 2883 2887 2886
f 2887 2883 2889 2888
f 2887 2891 2890 2886
f 2887 2888 2892 2891
f 2892 2888 2894 2893
f 2892 2896 2895 2891
f 2892 2893 2897 2896
f 2897 2893 2899 2898
f 2897 2901 2900 2896
f 2897 2898 2902 2901
f 2902 2898 2904 2903
f 2902 2905 2594 2901
f 2902 2903 2906 2905
f 2906 2908 2907 2905
f 2906 2910 2909 2908
f 2906 2903 2667 2910
f 2910 2912 2911 2909
f 2910 2667 2662 2912
f 2912 2914 2913 2911
f 2912 2662 2663 2914
f 2914 2916 2915 2913
f 2914 2663 2917 2916
f 2917 2663 2664 2918
f 2917 2587 2588 2916
f 2917 2918 2586 2587
f 2918 2920 2919 2586
f 2918 2664 2665 2920
f 2920 2922 2921 2919
f 2920 2665 2923 2922
f 2923 2899 2924 2922
f 2923 2904 2898 2899
f 2923 2665 2666 2904
f 2924 2925 2921 2922
f 2924 2894 2926 2925
f 2924 2899 2893 2894
f 2926 2623 2624 2925
f 2926 2889 2622 2623
f 2926 2894 2888 2889
f 2925 2624 2927 2921
f 2927 2930 2929 2928
f 2927 2624 2625 2930
f 2927 2928 2919 2921
f 2930 2932 2931 2929
f 2930 2625 2626 2932
f 2932 2934 2933 2931
f 2932 2626 2935 2934
f 2935 2937 2936 2934
f 2935 2938 2879 2937
f 2935 2626 2621 2938
f 2938 2884 2878 2879
f 2938 2621 2622 2884
f 2937 2874 2939 2936
f 2937 2879 2873 2874
f 2939 2941 2940 2936
f 2939 2869 2942 2941
f 2939 2874 2868 2869
f 2942 2944 2943 2941
f 2942 2864 2945 2944
f 2942 2869 2863 2864
f 2945 2947 2946 2944
f 2945 2859 2948 2947
f 2945 2864 2858 2859
f 2948 2950 2949 2947
f 2948 2854 2951 2950
f 2948 2859 2853 2854
f 2951 2953 2952 2950
f 2951 2849 2954 2953
f 2951 2854 2848 2849
f 2954 2956 2955 2953
f 2954 2844 2957 2956
f 2954 2849 2843 2844
f 2957 2959 2958 2956
f 2957 2839 2960 2959
f 2957 2844 2838 2839
f 2960 2962 2961 2959
f 2960 2834 2963 2962
f 2960 2839 2833 2834
f 2963 2965 2964 2962
f 2963 2829 2966 2965
f 2963 2834 2828 2829
f 2966 2968 2967 2965
f 2966 2824 2969 2968
f 2966 2829 2823 2824
f 2969 2971 2970 2968
f 2969 2819 2972 2971
f 2969 2824 2818 2819
f 2972 2974 2973 2971
f 2972 2814 2975 2974
f 2972 2819 2813 2814
f 2975 2977 2976 2974
f 2975 2809 2978 2977
f 2975 2814 2808 2809
f 2978 2980 2979 2977
f 2978 2804 2981 2980
f 2978 2809 2803 2804
f 2981 2983 2982 2980
f 2981 2799 2984 2983
f 2981 2804 2798 2799
f 2984 2986 2985 2983
f 2984 2794 2987 2986
f 2984 2799 2793 2794
f 2987 2989 2988 2986
f 2987 2789 2990 2989
f 2987 2794 2788 2789
f 2990 2992 2991 2989
f 2990 2784 2993 2992
f 2990 2789 2783 2784
f 2993 2995 2994 2992
f 2993 2779 2996 2995
f 2993 2784 2778 2779
f 2996 2998 2997 2995
f 2996 2774 2999 2998
f 2996 2779 2773 2774
f 2999 3001 3000 2998
f 2999 2769 3002 3001
f 2999 2774 2768 2769
f 3002 3004 3003 3001
f 3002 2764 3005 3004
f 3002 2769 2763 2764
f 3005 3007 3006 3004
f 3005 2759 2724 3007
f 3005 2764 2758 2759
f 3007 3009 3008 3006
f 3007 2724 2725 3009
f 3009 3011 3010 3008
f 3009 2725 2730 3011
f 3011 3013 3012 3010
f 3011 2730 3014 3013
f 3014 3016 3015 3013
f 3014 2733 3017 3016
f 3014 2730 2731 2733
f 3017 2680 2559 3016
f 3017 3018 2679 2680
f 3017 2733 2734 3018
f 3018 3019 2685 2679
f 3018 2734 2735 3019
f 3019 3020 2553 2685
f 3019 2735 3021 3020
f 3021 3023 3022 3020
f 3021 2738 3024 3023
f 3021 2735 2736 2738
f 3024 3026 3025 3023
f 3024 3028 3027 3026
f 3024 2738 2739 3028
f 3028 3030 3029 3027
f 3028 2739 2740 3030
f 3030 3032 3031 3029
f 3030 2740 2742 3032
f 3032 3034 3033 3031
f 3032 2742 3035 3034
f 3035 3037 3036 3034
f 3035 2745 3038 3037
f 3035 2742 2743 2745
f 3038 3040 3039 3037
f 3038 3042 3041 3040
f 3038 2745 2746 3042
f 3042 3044 3043 3041
f 3042 2746 2747 3044
f 3044 3046 3045 3043
f 3044 2747 2749 3046
f 3046 3048 3047 3045
f 3046 2749 2751 3048
f 3048 3050 3049 3047
f 3048 2751 3051 3050
f 3051 2751 2752 2755
f 3051 3053 3052 3050
f 3051 2755 3054 3053
f 3054 2755 2756 2760
f 3054 3056 3055 3053
f 3054 2760 3057 3056
f 3057 2760 2761 2765
f 3057 3059 3058 3056
f 3057 2765 3060 3059
f 3060 2765 2766 2770
f 3060 3062 3061 3059
f 3060 2770 3063 3062
f 3063 2770 2771 2775
f 3063 3065 3064 3062
f 3063 2775 3066 3065
f 3066 2775 2776 2780
f 3066 3068 3067 3065
f 3066 2780 3069 3068
f 3069 2780 2781 2785
f 3069 3071 3070 3068
f 3069 2785 3072 3071
f 3072 2785 2786 2790
f 3072 3074 3073 3071
f 3072 2790 3075 3074
f 3075 2790 2791 2795
f 3075 3077 3076 3074
f 3075 2795 3078 3077
f 3078 2795 2796 2800
f 3078 3080 3079 3077
f 3078 2800 3081 3080
f 3081 2800 2801 2805
f 3081 3083 3082 3080
f 3081 2805 3084 3083
f 3084 2805 2806 2810
f 3084 3086 3085 3083
f 3084 2810 3087 3086
f 3087 2810 2811 2815
f 3087 3089 3088 3086
f 3087 2815 3090 3089
f 3090 2815 2816 2820
f 3090 3092 3091 3089
f 3090 2820 3093 3092
f 3093 2820 2821 2825
f 3093 3095 3094 3092
f 3093 2825 3096 3095
f 3096 2825 2826 2830
f 3096 3098 3097 3095
f 3096 2830 3099 3098
f 3099 2830 2831 2835
f 3099 3101 3100 3098
f 3099 2835 3102 3101
f 3102 2835 2836 2840
f 3102 3104 3103 3101
f 3102 2840 3105 3104
f 3105 2840 2841 2845
f 3105 3107 3106 3104
f 3105 2845 3108 3107
f 3108 2845 2846 2850
f 3108 3110 3109 3107
f 3108 2850 3111 3110
f 3111 2850 2851 2855
f 3111 3113 3112 3110
f 3111 2855 3114 3113
f 3114 2855 2856 2860
f 3114 3116 3115 3113
f 3114 2860 3117 3116
f 3117 2860 2861 2865
f 3117 3119 3118 3116
f 3117 2865 3120 3119
f 3120 2865 2866 2870
f 3120 3122 3121 3119
f 3120 2870 3123 3122
f 3123 2870 2871 2875
f 3123 3125 3124 3122
f 3123 2875 3126 3125
f 3126 2875 2876 2880
f 3126 3128 3127 3125
f 3126 2880 3129 3128
f 3129 2880 2881 2885
f 3129 3131 3130 3128
f 3129 2885 3132 3131
f 3132 2885 2886 2890
f 3132 3134 3133 3131
f 3132 2890 3135 3134
f 3135 2890 2891 2895
f 3135 3137 3136 3134
f 3135 2895 3138 3137
f 3138 2895 2896 2900
f 3138 2590 3139 3137
f 3138 2900 2589 2590
f 3139 3140 3136 3137
f 3139 3142 3141 3140
f 3139 2590 2591 3142
f 3142 3144 3143 3141
f 3142 2591 2592 3144
f 3144 3146 3145 3143
f 3144 2592 3147 3146
f 3147 2592 2593 2907
f 3147 3149 3148 3146
f 3147 2907 2908 3149
f 3149 3151 3150 3148
f 3149 2908 2909 3151
f 3151 3153 3152 3150
f 3151 2909 2911 3153
f 3153 3155 3154 3152
f 3153 2911 2913 3155
f 3155 3157 3156 3154
f 3155 2913 2915 3157
f 3157 3159 3158 3156
f 3157 2915 3160 3159
f 3160 2915 2916 2588
f 3160 3162 3161 3159
f 3160 2588 2583 3162
f 3162 3164 3163 3161
f 3162 2583 2584 3164
f 3164 2931 2933 3163
f 3164 2584 2929 2931
f 3163 3166 3165 3161
f 3163 2933 2940 3166
f 3166 2943 3167 3165
f 3166 2940 2941 2943
f 3167 3168 3158 3165
f 3167 2946 3169 3168
f 3167 2943 2944 2946
f 3169 3171 3170 3168
f 3169 2949 3172 3171
f 3169 2946 2947 2949
f 3172 3174 3173 3171
f 3172 2952 3175 3174
f 3172 2949 2950 2952
f 3175 3177 3176 3174
f 3175 2955 3178 3177
f 3175 2952 2953 2955
f 3178 3180 3179 3177
f 3178 2958 3181 3180
f 3178 2955 2956 2958
f 3181 3183 3182 3180
f 3181 2961 3184 3183
f 3181 2958 2959 2961
f 3184 3186 3185 3183
f 3184 2964 3187 3186
f 3184 2961 2962 2964
f 3187 3189 3188 3186
f 3187 2967 3190 3189
f 3187 2964 2965 2967
f 3190 3192 3191 3189
f 3190 2970 3193 3192
f 3190 2967 2968 2970
f 3193 3195 3194 3192
f 3193 2973 3196 3195
f 3193 2970 2971 2973
f 3196 3198 3197 3195
f 3196 2976 3199 3198
f 3196 2973 2974 2976
f 3199 3201 3200 3198
f 3199 2979 3202 3201
f 3199 2976 2977 2979
f 3202 3204 3203 3201
f 3202 2982 3205 3204
f 3202 2979 2980 2982
f 3205 3207 3206 3204
f 3205 2985 3208 3207
f 3205 2982 2983 2985
f 3208 3210 3209 3207
f 3208 2988 3211 3210
f 3208 2985 2986 2988
f 3211 3213 3212 3210
f 3211 2991 3214 3213
f 3211 2988 2989 2991
f 3214 3216 3215 3213
f 3214 2994 3217 3216
f 3214 2991 2992 2994
f 3217 3219 3218 3216
f 3217 2997 3220 3219
f 3217 2994 2995 2997
f 3220 3222 3221 3219
f 3220 3000 3223 3222
f 3220 2997 2998 3000
f 3223 3225 3224 3222
f 3223 3003 3226 3225
f 3223 3000 3001 3003
f 3226 3228 3227 3225
f 3226 3006 3008 3228
f 3226 3003 3004 3006
f 3228 3230 3229 3227
f 3228 3008 3010 3230
f 3230 3232 3231 3229
f 3230 3010 3012 3232
f 3232 3234 3233 3231
f 3232 3012 3235 3234
f 3235 2567 3236 3234
f 3235 3015 2560 2567
f 3235 3012 3013 3015
f 3236 3239 3238 3237
f 3236 2567 2565 3239
f 3236 3237 3233 3234
f 3239 3241 3240 3238
f 3239 2565 2566 3241
f 3241 3243 3242 3240
f 3241 2566 3244 3243
f 3244 3246 3245 3243
f 3244 3248 3247 3246
f 3244 2566 2563 3248
f 3248 3250 3249 3247
f 3248 2563 2564 3250
f 3250 3252 3251 3249
f 3250 2564 3253 3252
f 3253 3255 3254 3252
f 3253 3257 3256 3255
f 3253 2564 2561 3257
f 3257 3259 3258 3256
f 3257 2561 2562 3259
f 3259 3261 3260 3258
f 3259 2562 2682 3261
f 3261 3263 3262 3260
f 3261 2682 2683 3263
f 3263 3265 3264 3262
f 3263 2683 2573 3265
f 3265 3267 3266 3264
f 3265 2573 2568 3267
f 3267 3269 3268 3266
f 3267 2568 2569 3269
f 3269 3271 3270 3268
f 3269 2569 3272 3271
f 3272 3274 3273 3271
f 3272 3276 3275 3274
f 3272 2569 2570 3276
f 3276 2555 2556 3275
f 3276 2570 2571 2555
f 3275 2698 2699 3274
f 3275 2556 2557 2698
f 3274 2699 2702 3273
f 3273 2702 3278 3277
f 3273 3277 3270 3271
f 3278 3281 3280 3279
f 3278 2702 2703 3281
f 3278 3279 3282 3277
f 3282 3279 3284 3283
f 3282 3285 3270 3277
f 3282 3283 3286 3285
f 3286 3283 2678 3287
f 3286 3289 3288 3285
f 3286 3287 3290 3289
f 3290 3287 3292 3291
f 3290 3294 3293 3289
f 3290 3291 3295 3294
f 3295 3291 3297 3296
f 3295 3299 3298 3294
f 3295 3296 3300 3299
f 3300 3296 3302 3301
f 3300 3303 2628 3299
f 3300 3301 3304 3303
f 3304 3301 3306 3305
f 3304 3308 3307 3303
f 3304 3305 3309 3308
f 3309 3305 3311 3310
f 3309 797 796 3308
f 3309 3310 798 797
f 798 3310 2711 195
f 796 799 3307 3308
f 799 110 2627 3307
f 3311 3313 3312 2712
f 3311 3305 3306 3313
f 3311 2712 2711 3310
f 3313 3315 3314 3312
f 3313 3306 3316 3315
f 3316 2672 2668 3315
f 3316 3302 3317 2672
f 3316 3306 3301 3302
f 3317 3318 2671 2672
f 3317 3297 3319 3318
f 3317 3302 3296 3297
f 3319 2677 3320 3318
f 3319 3292 2676 2677
f 3319 3297 3291 3292
f 3320 3322 3321 2673
f 3320 2677 2675 3322
f 3320 2673 2671 3318
f 3322 812 811 3321
f 3322 2675 156 812
f 811 814 3323 3321
f 814 816 3324 3323
f 816 818 3325 3324
f 818 820 3326 3325
f 820 192 2710 3326
f 3326 3312 3314 3325
f 3326 2710 2712 3312
f 3325 3314 2669 3324
f 3324 2669 2670 3323
f 3323 2670 2673 3321
f 3315 2668 2669 3314
f 3307 2627 2628 3303
f 3299 2628 2629 3298
f 3298 3327 3293 3294
f 3298 2629 2633 3327
f 3327 3329 3328 3293
f 3327 2633 3330 3329
f 3330 3262 3264 3329
f 3330 3331 3260 3262
f 3330 2633 2630 3331
f 3331 3332 3258 3260
f 3331 2630 2631 3332
f 3332 3333 3256 3258
f 3332 2631 3334 3333
f 3334 3336 3335 3333
f 3334 3338 3337 3336
f 3334 2631 2632 3338
f 3338 834 833 3337
f 3338 2632 111 834
f 833 836 3339 3337
f 836 838 3340 3339
f 838 840 3341 3340
f 840 842 3342 3341
f 842 844 3343 3342
f 844 846 3344 3343
f 846 848 3345 3344
f 848 850 3346 3345
f 850 852 3347 3346
f 852 854 3348 3347
f 854 856 3349 3348
f 856 858 3350 3349
f 858 860 3351 3350
f 860 862 3352 3351
f 862 864 3353 3352
f 864 866 3354 3353
f 866 868 3355 3354
f 868 870 3356 3355
f 870 872 3357 3356
f 872 874 3358 3357
f 874 876 3359 3358
f 876 878 3360 3359
f 878 880 3361 3360
f 880 882 3362 3361
f 882 884 3363 3362
f 884 886 3364 3363
f 886 888 3365 3364
f 888 890 3366 3365
f 890 892 3367 3366
f 892 894 3368 3367
f 894 896 3369 3368
f 896 898 3370 3369
f 898 900 3371 3370
f 900 902 3372 3371
f 902 904 3373 3372
f 904 906 3374 3373
f 906 908 3375 3374
f 908 910 3376 3375
f 910 912 3377 3376
f 912 914 3378 3377
f 914 916 3379 3378
f 916 918 3380 3379
f 918 920 3381 3380
f 920 922 3382 3381
f 922 924 3383 3382
f 924 926 3384 3383
f 926 928 3385 3384
f 928 930 3386 3385
f 930 932 3387 3386
f 932 934 3388 3387
f 934 936 3389 3388
f 936 938 3390 3389
f 938 940 3391 3390
f 940 942 3392 3391
f 942 944 3393 3392
f 944 946 3394 3393
f 946 948 3395 3394
f 948 950 3396 3395
f 950 952 3397 3396
f 952 954 3398 3397
f 954 956 3399 3398
f 956 958 3400 3399
f 958 960 3401 3400
f 960 962 3402 3401
f 962 964 3403 3402
f 964 966 3404 3403
f 966 968 3405 3404
f 968 970 3406 3405
f 970 972 3407 3406
f 972 974 3408 3407
f 974 976 3409 3408
f 976 978 3410 3409
f 978 980 3411 3410
f 980 982 3412 3411
f 982 984 3413 3412
f 984 986 3414 3413
f 986 988 3415 3414
f 988 990 3416 3415
f 990 992 3417 3416
f 992 993 2577 3417
f 993 994 2576 2577
f 994 153 2575 2576
f 3417 3419 3418 3416
f 3417 2577 2578 3419
f 3419 3421 3420 3418
f 3419 2578 3422 3421
f 3422 3424 3423 3421
f 3422 2579 3425 3424
f 3422 2578 2529 2579
f 3425 3427 3426 3424
f 3425 3429 3428 3427
f 3425 2579 2580 3429
f 3429 3431 3430 3428
f 3429 2580 3432 3431
f 3432 3434 3433 3431
f 3432 3436 3435 3434
f 3432 2580 2581 3436
f 3436 3280 3281 3435
f 3436 2581 2582 3280
f 3435 3438 3437 3434
f 3435 3281 2703 3438
f 3438 3440 3439 3437
f 3438 2703 2547 3440
f 3440 3442 3441 3439
f 3440 2547 2700 3442
f 3442 3444 3443 3441
f 3442 2700 3445 3444
f 3445 3447 3446 3444
f 3445 3449 3448 3447
f 3445 2700 2701 3449
f 3449 3026 3027 3448
f 3449 2701 3025 3026
f 3448 3451 3450 3447
f 3448 3027 3029 3451
f 3451 3453 3452 3450
f 3451 3029 3031 3453
f 3453 3455 3454 3452
f 3453 3031 3033 3455
f 3455 3457 3456 3454
f 3455 3033 3458 3457
f 3458 3460 3459 3457
f 3458 3036 3461 3460
f 3458 3033 3034 3036
f 3461 3463 3462 3460
f 3461 3039 3464 3463
f 3461 3036 3037 3039
f 3464 3466 3465 3463
f 3464 3468 3467 3466
f 3464 3039 3040 3468
f 3468 3470 3469 3467
f 3468 3040 3041 3470
f 3470 3472 3471 3469
f 3470 3041 3043 3472
f 3472 3473 2599 3471
f 3472 3043 3045 3473
f 3473 3474 2598 2599
f 3473 3045 3047 3474
f 3474 3475 2601 2598
f 3474 3047 3049 3475
f 3475 3477 3476 2601
f 3475 3049 3478 3477
f 3478 3049 3050 3052
f 3478 3480 3479 3477
f 3478 3052 3481 3480
f 3481 3052 3053 3055
f 3481 3483 3482 3480
f 3481 3055 3484 3483
f 3484 3055 3056 3058
f 3484 3486 3485 3483
f 3484 3058 3487 3486
f 3487 3058 3059 3061
f 3487 3489 3488 3486
f 3487 3061 3490 3489
f 3490 3061 3062 3064
f 3490 3492 3491 3489
f 3490 3064 3493 3492
f 3493 3064 3065 3067
f 3493 2716 2717 3492
f 3493 3067 2719 2716
f 3492 2717 3494 3491
f 3494 3496 3495 3491
f 3494 3498 3497 3496
f 3494 2717 2713 3498
f 3498 3500 3499 3497
f 3498 2713 2714 3500
f 3500 3502 3501 3499
f 3500 2714 3503 3502
f 3503 2714 2715 3504
f 3503 3506 3505 3502
f 3503 3504 3507 3506
f 3507 3343 3344 3506
f 3507 3508 3342 3343
f 3507 3504 3509 3508
f 3509 3504 2715 2722
f 3509 3511 3510 3508
f 3509 2722 3512 3511
f 3512 2722 2720 3513
f 3512 3515 3514 3511
f 3512 3513 3251 3515
f 3515 3254 3516 3514
f 3515 3251 3252 3254
f 3516 3518 3517 3514
f 3516 3335 3336 3518
f 3516 3254 3255 3335
f 3518 3339 3340 3517
f 3518 3336 3337 3339
f 3517 3510 3511 3514
f 3517 3340 3341 3510
f 3513 2720 2721 3519
f 3513 3519 3249 3251
f 3519 2721 3521 3520
f 3519 3520 3247 3249
f 3521 3523 3073 3522
f 3521 2721 2718 3523
f 3521 3522 3524 3520
f 3524 3522 3076 3525
f 3524 3246 3247 3520
f 3524 3525 3245 3246
f 3525 3076 3077 3079
f 3525 3079 3526 3245
f 3526 3079 3080 3082
f 3526 3242 3243 3245
f 3526 3082 3527 3242
f 3527 3082 3083 3085
f 3527 3528 3240 3242
f 3527 3085 3529 3528
f 3529 3085 3086 3088
f 3529 3531 3530 3528
f 3529 3088 3532 3531
f 3532 3088 3089 3091
f 3532 3534 3533 3531
f 3532 3091 3535 3534
f 3535 3091 3092 3094
f 3535 3537 3536 3534
f 3535 3094 3538 3537
f 3538 3094 3095 3097
f 3538 3540 3539 3537
f 3538 3097 3541 3540
f 3541 3097 3098 3100
f 3541 3543 3542 3540
f 3541 3100 3544 3543
f 3544 3100 3101 3103
f 3544 3546 3545 3543
f 3544 3103 3547 3546
f 3547 3103 3104 3106
f 3547 3549 3548 3546
f 3547 3106 3550 3549
f 3550 3106 3107 3109
f 3550 3552 3551 3549
f 3550 3109 3553 3552
f 3553 3109 3110 3112
f 3553 3555 3554 3552
f 3553 3112 3556 3555
f 3556 3112 3113 3115
f 3556 3558 3557 3555
f 3556 3115 3559 3558
f 3559 3115 3116 3118
f 3559 3561 3560 3558
f 3559 3118 3562 3561
f 3562 3118 3119 3121
f 3562 3564 3563 3561
f 3562 3121 3565 3564
f 3565 3121 3122 3124
f 3565 3567 3566 3564
f 3565 3124 3568 3567
f 3568 3124 3125 3127
f 3568 3570 3569 3567
f 3568 3127 3571 3570
f 3571 3127 3128 3130
f 3571 3573 3572 3570
f 3571 3130 3574 3573
f 3574 3130 3131 3133
f 3574 3576 3575 3573
f 3574 3133 3577 3576
f 3577 3133 3134 3136
f 3577 3579 3578 3576
f 3577 3136 3140 3579
f 3579 3581 3580 3578
f 3579 3140 3141 3581
f 3581 3583 3582 3580
f 3581 3141 3143 3583
f 3583 3585 3584 3582
f 3583 3143 3145 3585
f 3585 3587 3586 3584
f 3585 3145 3588 3587
f 3588 3145 3146 3148
f 3588 3590 3589 3587
f 3588 3148 3150 3590
f 3590 3592 3591 3589
f 3590 3150 3152 3592
f 3592 3593 3173 3591
f 3592 3152 3154 3593
f 3593 3170 3171 3173
f 3593 3154 3156 3170
f 3591 3176 3594 3589
f 3591 3173 3174 3176
f 3594 3586 3587 3589
f 3594 3179 3595 3586
f 3594 3176 3177 3179
f 3595 3596 3584 3586
f 3595 3182 3597 3596
f 3595 3179 3180 3182
f 3597 3599 3598 3596
f 3597 3185 3600 3599
f 3597 3182 3183 3185
f 3600 3602 3601 3599
f 3600 3188 3603 3602
f 3600 3185 3186 3188
f 3603 3605 3604 3602
f 3603 3191 3606 3605
f 3603 3188 3189 3191
f 3606 3608 3607 3605
f 3606 3194 3609 3608
f 3606 3191 3192 3194
f 3609 3611 3610 3608
f 3609 3197 3612 3611
f 3609 3194 3195 3197
f 3612 3614 3613 3611
f 3612 3200 3615 3614
f 3612 3197 3198 3200
f 3615 3617 3616 3614
f 3615 3203 3618 3617
f 3615 3200 3201 3203
f 3618 3620 3619 3617
f 3618 3206 3621 3620
f 3618 3203 3204 3206
f 3621 3623 3622 3620
f 3621 3209 3624 3623
f 3621 3206 3207 3209
f 3624 3626 3625 3623
f 3624 3212 3627 3626
f 3624 3209 3210 3212
f 3627 3629 3628 3626
f 3627 3215 3630 3629
f 3627 3212 3213 3215
f 3630 3632 3631 3629
f 3630 3218 3633 3632
f 3630 3215 3216 3218
f 3633 3635 3634 3632
f 3633 3221 3636 3635
f 3633 3218 3219 3221
f 3636 3638 3637 3635
f 3636 3224 3639 3638
f 3636 3221 3222 3224
f 3639 3641 3640 3638
f 3639 3227 3229 3641
f 3639 3224 3225 3227
f 3641 3643 3642 3640
f 3641 3229 3231 3643
f 3643 3645 3644 3642
f 3643 3231 3233 3645
f 3645 3646 3533 3644
f 3645 3233 3237 3646
f 3646 3530 3531 3533
f 3646 3237 3238 3530
f 3644 3533 3534 3536
f 3644 3536 3647 3642
f 3647 3536 3537 3539
f 3647 3648 3640 3642
f 3647 3539 3649 3648
f 3649 3539 3540 3542
f 3649 3650 3637 3648
f 3649 3542 3651 3650
f 3651 3542 3543 3545
f 3651 3652 3634 3650
f 3651 3545 3653 3652
f 3653 3545 3546 3548
f 3653 3654 3631 3652
f 3653 3548 3655 3654
f 3655 3548 3549 3551
f 3655 3656 3628 3654
f 3655 3551 3657 3656
f 3657 3551 3552 3554
f 3657 3658 3625 3656
f 3657 3554 3659 3658
f 3659 3554 3555 3557
f 3659 3660 3622 3658
f 3659 3557 3661 3660
f 3661 3557 3558 3560
f 3661 3662 3619 3660
f 3661 3560 3663 3662
f 3663 3560 3561 3563
f 3663 3664 3616 3662
f 3663 3563 3665 3664
f 3665 3563 3564 3566
f 3665 3666 3613 3664
f 3665 3566 3667 3666
f 3667 3566 3567 3569
f 3667 3668 3610 3666
f 3667 3569 3669 3668
f 3669 3569 3570 3572
f 3669 3670 3607 3668
f 3669 3572 3671 3670
f 3671 3572 3573 3575
f 3671 3672 3604 3670
f 3671 3575 3673 3672
f 3673 3575 3576 3578
f 3673 3674 3601 3672
f 3673 3578 3580 3674
f 3674 3598 3599 3601
f 3674 3580 3582 3598
f 3672 3601 3602 3604
f 3670 3604 3605 3607
f 3668 3607 3608 3610
f 3666 3610 3611 3613
f 3664 3613 3614 3616
f 3662 3616 3617 3619
f 3660 3619 3620 3622
f 3658 3622 3623 3625
f 3656 3625 3626 3628
f 3654 3628 3629 3631
f 3652 3631 3632 3634
f 3650 3634 3635 3637
f 3648 3637 3638 3640
f 3598 3582 3584 3596
f 3530 3238 3240 3528
f 3523 3070 3071 3073
f 3523 2718 2719 3070
f 3522 3073 3074 3076
f 3510 3341 3342 3508
f 3506 3344 3345 3505
f 3505 3675 3501 3502
f 3505 3345 3346 3675
f 3675 3677 3676 3501
f 3675 3346 3347 3677
f 3677 3679 3678 3676
f 3677 3347 3348 3679
f 3679 3681 3680 3678
f 3679 3348 3349 3681
f 3681 3683 3682 3680
f 3681 3349 3350 3683
f 3683 3685 3684 3682
f 3683 3350 3351 3685
f 3685 3687 3686 3684
f 3685 3351 3352 3687
f 3687 3689 3688 3686
f 3687 3352 3353 3689
f 3689 3691 3690 3688
f 3689 3353 3354 3691
f 3691 3693 3692 3690
f 3691 3354 3355 3693
f 3693 3695 3694 3692
f 3693 3355 3356 3695
f 3695 3697 3696 3694
f 3695 3356 3357 3697
f 3697 3699 3698 3696
f 3697 3357 3358 3699
f 3699 3701 3700 3698
f 3699 3358 3359 3701
f 3701 3703 3702 3700
f 3701 3359 3360 3703
f 3703 3705 3704 3702
f 3703 3360 3361 3705
f 3705 3707 3706 3704
f 3705 3361 3362 3707
f 3707 3709 3708 3706
f 3707 3362 3363 3709
f 3709 3711 3710 3708
f 3709 3363 3364 3711
f 3711 3713 3712 3710
f 3711 3364 3365 3713
f 3713 3715 3714 3712
f 3713 3365 3366 3715
f 3715 3717 3716 3714
f 3715 3366 3367 3717
f 3717 3719 3718 3716
f 3717 3367 3368 3719
f 3719 3721 3720 3718
f 3719 3368 3369 3721
f 3721 3723 3722 3720
f 3721 3369 3370 3723
f 3723 3725 3724 3722
f 3723 3370 3371 3725
f 3725 3727 3726 3724
f 3725 3371 3372 3727
f 3727 3729 3728 3726
f 3727 3372 3373 3729
f 3729 3731 3730 3728
f 3729 3373 3374 3731
f 3731 3733 3732 3730
f 3731 3374 3375 3733
f 3733 3735 3734 3732
f 3733 3375 3376 3735
f 3735 3737 3736 3734
f 3735 3376 3377 3737
f 3737 3739 3738 3736
f 3737 3377 3378 3739
f 3739 3741 3740 3738
f 3739 3378 3379 3741
f 3741 3743 3742 3740
f 3741 3379 3380 3743
f 3743 3380 3381 3744
f 3743 3744 3745 3742
f 3745 3744 3747 3746
f 3745 3749 3748 3742
f 3745 3746 3750 3749
f 3750 3746 3752 3751
f 3750 3754 3753 3749
f 3750 3751 3755 3754
f 3755 3751 3757 3756
f 3755 3759 3758 3754
f 3755 3756 3760 3759
f 3760 3756 3762 3761
f 3760 3764 3763 3759
f 3760 3761 3765 3764
f 3765 3761 3767 3766
f 3765 3769 3768 3764
f 3765 3766 3770 3769
f 3770 3766 3772 3771
f 3770 3774 3773 3769
f 3770 3771 3775 3774
f 3775 3771 3777 3776
f 3775 3779 3778 3774
f 3775 3776 3780 3779
f 3780 3776 3782 3781
f 3780 3784 3783 3779
f 3780 3781 3785 3784
f 3785 3781 3787 3786
f 3785 3443 3788 3784
f 3785 3786 3441 3443
f 3788 3789 3783 3784
f 3788 3446 3790 3789
f 3788 3443 3444 3446
f 3790 3792 3791 3789
f 3790 3450 3452 3792
f 3790 3446 3447 3450
f 3792 3794 3793 3791
f 3792 3452 3454 3794
f 3794 3796 3795 3793
f 3794 3454 3456 3796
f 3796 3798 3797 3795
f 3796 3456 3799 3798
f 3799 3801 3800 3798
f 3799 3459 3802 3801
f 3799 3456 3457 3459
f 3802 3804 3803 3801
f 3802 3462 3805 3804
f 3802 3459 3460 3462
f 3805 3807 3806 3804
f 3805 3465 3808 3807
f 3805 3462 3463 3465
f 3808 3810 3809 3807
f 3808 3812 3811 3810
f 3808 3465 3466 3812
f 3812 3814 3813 3811
f 3812 3466 3467 3814
f 3814 3816 3815 3813
f 3814 3467 3469 3816
f 3816 3818 3817 3815
f 3816 3469 3471 3818
f 3818 2600 2604 3817
f 3818 3471 2599 2600
f 3817 3820 3819 3815
f 3817 2604 3821 3820
f 3821 3823 3822 3820
f 3821 3825 3824 3823
f 3821 2604 2602 3825
f 3825 3826 2608 3824
f 3825 2602 2603 3826
f 3826 3827 2607 2608
f 3826 2603 3828 3827
f 3828 3830 3829 3827
f 3828 3832 3831 3830
f 3828 2603 2595 3832
f 3832 3834 3833 3831
f 3832 2595 2596 3834
f 3834 3836 3835 3833
f 3834 2596 3837 3836
f 3837 2596 2597 3838
f 3837 3840 3839 3836
f 3837 3838 3841 3840
f 3841 3838 3476 3842
f 3841 3844 3843 3840
f 3841 3842 3845 3844
f 3845 3842 3479 3846
f 3845 3848 3847 3844
f 3845 3846 3849 3848
f 3849 3846 3482 3850
f 3849 3852 3851 3848
f 3849 3850 3853 3852
f 3853 3850 3485 3854
f 3853 3856 3855 3852
f 3853 3854 3857 3856
f 3857 3854 3488 3495
f 3857 3859 3858 3856
f 3857 3495 3496 3859
f 3859 3861 3860 3858
f 3859 3496 3497 3861
f 3861 3863 3862 3860
f 3861 3497 3499 3863
f 3863 3676 3678 3862
f 3863 3499 3501 3676
f 3862 3865 3864 3860
f 3862 3678 3680 3865
f 3865 3867 3866 3864
f 3865 3680 3682 3867
f 3867 2651 2652 3866
f 3867 3682 3684 2651
f 3866 3869 3868 3864
f 3866 2652 2653 3869
f 3869 3870 3855 3868
f 3869 2653 3871 3870
f 3871 3872 3851 3870
f 3871 3874 3873 3872
f 3871 2653 2654 3874
f 3874 3876 3875 3873
f 3874 2654 2655 3876
f 3876 3878 3877 3875
f 3876 2655 3879 3878
f 3879 3881 3880 3878
f 3879 3883 3882 3881
f 3879 2655 2649 3883
f 3883 3885 3884 3882
f 3883 2649 2650 3885
f 3885 3887 3886 3884
f 3885 2650 3888 3887
f 3888 2650 2646 3889
f 3888 3891 3890 3887
f 3888 3889 3892 3891
f 3892 3889 3894 3893
f 3892 3896 3895 3891
f 3892 3893 3897 3896
f 3897 3893 3692 3694
f 3897 3899 3898 3896
f 3897 3694 3696 3899
f 3899 3901 3900 3898
f 3899 3696 3698 3901
f 3901 3903 3902 3900
f 3901 3698 3700 3903
f 3903 3904 2613 3902
f 3903 3700 3702 3904
f 3904 3905 2612 2613
f 3904 3702 3704 3905
f 3905 3906 2614 2612
f 3905 3704 3706 3906
f 3906 3908 3907 2614
f 3906 3706 3708 3908
f 3908 3910 3909 3907
f 3908 3708 3710 3910
f 3910 3912 3911 3909
f 3910 3710 3712 3912
f 3912 3914 3913 3911
f 3912 3712 3714 3914
f 3914 3916 3915 3913
f 3914 3714 3716 3916
f 3916 3918 3917 3915
f 3916 3716 3718 3918
f 3918 3920 3919 3917
f 3918 3718 3720 3920
f 3920 3922 3921 3919
f 3920 3720 3722 3922
f 3922 3924 3923 3921
f 3922 3722 3724 3924
f 3924 3926 3925 3923
f 3924 3724 3726 3926
f 3926 3928 3927 3925
f 3926 3726 3728 3928
f 3928 3930 3929 3927
f 3928 3728 3730 3930
f 3930 3932 3931 3929
f 3930 3730 3732 3932
f 3932 3934 3933 3931
f 3932 3732 3734 3934
f 3934 3936 3935 3933
f 3934 3734 3736 3936
f 3936 3938 3937 3935
f 3936 3736 3738 3938
f 3938 3940 3939 3937
f 3938 3738 3740 3940
f 3940 3748 3941 3939
f 3940 3740 3742 3748
f 3941 3748 3749 3753
f 3941 3943 3942 3939
f 3941 3753 3944 3943
f 3944 3753 3754 3758
f 3944 3946 3945 3943
f 3944 3758 3947 3946
f 3947 3758 3759 3763
f 3947 3949 3948 3946
f 3947 3763 3950 3949
f 3950 3763 3764 3768
f 3950 3952 3951 3949
f 3950 3768 3953 3952
f 3953 3768 3769 3773
f 3953 3955 3954 3952
f 3953 3773 3956 3955
f 3956 3773 3774 3778
f 3956 3958 3957 3955
f 3956 3778 3959 3958
f 3959 3778 3779 3783
f 3959 3791 3793 3958
f 3959 3783 3789 3791
f 3958 3793 3795 3957
f 3957 3960 3954 3955
f 3957 3795 3797 3960
f 3960 3962 3961 3954
f 3960 3797 3963 3962
f 3963 3965 3964 3962
f 3963 3800 3966 3965
f 3963 3797 3798 3800
f 3966 3968 3967 3965
f 3966 3803 3969 3968
f 3966 3800 3801 3803
f 3969 3971 3970 3968
f 3969 3806 3972 3971
f 3969 3803 3804 3806
f 3972 3974 3973 3971
f 3972 3809 3975 3974
f 3972 3806 3807 3809
f 3975 3977 3976 3974
f 3975 3979 3978 3977
f 3975 3809 3810 3979
f 3979 3981 3980 3978
f 3979 3810 3811 3981
f 3981 3983 3982 3980
f 3981 3811 3813 3983
f 3983 3819 3984 3982
f 3983 3813 3815 3819
f 3984 3986 3985 3982
f 3984 3822 3987 3986
f 3984 3819 3820 3822
f 3987 3911 3913 3986
f 3987 3988 3909 3911
f 3987 3822 3823 3988
f 3988 3989 3907 3909
f 3988 3823 3824 3989
f 3989 2609 2614 3907
f 3989 3824 2608 2609
f 3986 3913 3915 3985
f 3985 3990 3980 3982
f 3985 3915 3917 3990
f 3990 3991 3978 3980
f 3990 3917 3919 3991
f 3991 3992 3977 3978
f 3991 3919 3921 3992
f 3992 3993 3976 3977
f 3992 3921 3923 3993
f 3993 3995 3994 3976
f 3993 3923 3925 3995
f 3995 3997 3996 3994
f 3995 3925 3927 3997
f 3997 3999 3998 3996
f 3997 3927 3929 3999
f 3999 4001 4000 3998
f 3999 3929 3931 4001
f 4001 4003 4002 4000
f 4001 3931 3933 4003
f 4003 4005 4004 4002
f 4003 3933 3935 4005
f 4005 4006 2694 4004
f 4005 3935 3937 4006
f 4006 3942 2693 2694
f 4006 3937 3939 3942
f 4004 2694 2546 2695
f 4004 2695 4007 4002
f 4007 2695 2696 4008
f 4007 4009 4000 4002
f 4007 4008 4010 4009
f 4010 4008 4012 4011
f 4010 4014 4013 4009
f 4010 4011 3967 4014
f 4014 3970 4015 4013
f 4014 3967 3968 3970
f 4015 3996 3998 4013
f 4015 3973 3994 3996
f 4015 3970 3971 3973
f 4013 3998 4000 4009
f 4012 4018 4017 4016
f 4012 4008 2696 4018
f 4012 4016 3964 4011
f 4018 4019 3948 4017
f 4018 2696 2692 4019
f 4019 3945 3946 3948
f 4019 2692 2693 3945
f 4017 3948 3949 3951
f 4017 3951 3961 4016
f 4016 3961 3962 3964
f 4011 3964 3965 3967
f 3994 3973 3974 3976
f 3961 3951 3952 3954
f 3945 2693 3942 3943
f 3902 4021 4020 3900
f 3902 2613 2610 4021
f 4021 4023 4022 4020
f 4021 2610 2611 4023
f 4023 4025 4024 4022
f 4023 2611 4026 4025
f 4026 4028 4027 4025
f 4026 4030 4029 4028
f 4026 2611 2605 4030
f 4030 4032 4031 4029
f 4030 2605 2606 4032
f 4032 4034 4033 4031
f 4032 2606 3829 4034
f 4034 4036 4035 4033
f 4034 3829 3830 4036
f 4036 4038 4037 4035
f 4036 3830 3831 4038
f 4038 4040 4039 4037
f 4038 3831 3833 4040
f 4040 4042 4041 4039
f 4040 3833 3835 4042
f 4042 4044 4043 4041
f 4042 3835 4045 4044
f 4045 3835 3836 3839
f 4045 4047 4046 4044
f 4045 3839 4048 4047
f 4048 3839 3840 3843
f 4048 4050 4049 4047
f 4048 3843 4051 4050
f 4051 3843 3844 3847
f 4051 3873 3875 4050
f 4051 3847 3872 3873
f 4050 3875 3877 4049
f 4049 4052 4046 4047
f 4049 3877 4053 4052
f 4053 4055 4054 4052
f 4053 3880 4056 4055
f 4053 3877 3878 3880
f 4056 4058 4057 4055
f 4056 4060 4059 4058
f 4056 3880 3881 4060
f 4060 4062 4061 4059
f 4060 3881 3882 4062
f 4062 4064 4063 4061
f 4062 3882 3884 4064
f 4064 4066 4065 4063
f 4064 3884 3886 4066
f 4066 4068 4067 4065
f 4066 3886 4069 4068
f 4069 3886 3887 3890
f 4069 4071 4070 4068
f 4069 3890 4072 4071
f 4072 3890 3891 3895
f 4072 4074 4073 4071
f 4072 3895 4075 4074
f 4075 3895 3896 3898
f 4075 4020 4022 4074
f 4075 3898 3900 4020
f 4074 4022 4024 4073
f 4073 4076 4070 4071
f 4073 4024 4077 4076
f 4077 4079 4078 4076
f 4077 4027 4080 4079
f 4077 4024 4025 4027
f 4080 4082 4081 4079
f 4080 4084 4083 4082
f 4080 4027 4028 4084
f 4084 4086 4085 4083
f 4084 4028 4029 4086
f 4086 4088 4087 4085
f 4086 4029 4031 4088
f 4088 4090 4089 4087
f 4088 4031 4033 4090
f 4090 4092 4091 4089
f 4090 4033 4035 4092
f 4092 4094 4093 4091
f 4092 4035 4037 4094
f 4094 4096 4095 4093
f 4094 4037 4039 4096
f 4096 4098 4097 4095
f 4096 4039 4041 4098
f 4098 4100 4099 4097
f 4098 4041 4043 4100
f 4100 4102 4101 4099
f 4100 4043 4103 4102
f 4103 4043 4044 4046
f 4103 4054 4104 4102
f 4103 4046 4052 4054
f 4104 4105 4101 4102
f 4104 4057 4106 4105
f 4104 4054 4055 4057
f 4106 4108 4107 4105
f 4106 4110 4109 4108
f 4106 4057 4058 4110
f 4110 4112 4111 4109
f 4110 4058 4059 4112
f 4112 4114 4113 4111
f 4112 4059 4061 4114
f 4114 4116 4115 4113
f 4114 4061 4063 4116
f 4116 4118 4117 4115
f 4116 4063 4065 4118
f 4118 4120 4119 4117
f 4118 4065 4067 4120
f 4120 4122 4121 4119
f 4120 4067 4123 4122
f 4123 4067 4068 4070
f 4123 4078 4124 4122
f 4123 4070 4076 4078
f 4124 4125 4121 4122
f 4124 4081 4126 4125
f 4124 4078 4079 4081
f 4126 4128 4127 4125
f 4126 4130 4129 4128
f 4126 4081 4082 4130
f 4130 4132 4131 4129
f 4130 4082 4083 4132
f 4132 4134 4133 4131
f 4132 4083 4085 4134
f 4134 4136 4135 4133
f 4134 4085 4087 4136
f 4136 4138 4137 4135
f 4136 4087 4089 4138
f 4138 4140 4139 4137
f 4138 4089 4091 4140
f 4140 4142 4141 4139
f 4140 4091 4093 4142
f 4142 4144 4143 4141
f 4142 4093 4095 4144
f 4144 4146 4145 4143
f 4144 4095 4097 4146
f 4146 4148 4147 4145
f 4146 4097 4099 4148
f 4148 4150 4149 4147
f 4148 4099 4101 4150
f 4150 4107 4151 4149
f 4150 4101 4105 4107
f 4151 4153 4152 4149
f 4151 4155 4154 4153
f 4151 4107 4108 4155
f 4155 4157 4156 4154
f 4155 4108 4109 4157
f 4157 4159 4158 4156
f 4157 4109 4111 4159
f 4159 4161 4160 4158
f 4159 4111 4113 4161
f 4161 4163 4162 4160
f 4161 4113 4115 4163
f 4163 4165 4164 4162
f 4163 4115 4117 4165
f 4165 4167 4166 4164
f 4165 4117 4119 4167
f 4167 4169 4168 4166
f 4167 4119 4121 4169
f 4169 4127 4170 4168
f 4169 4121 4125 4127
f 4170 4172 4171 4168
f 4170 4174 4173 4172
f 4170 4127 4128 4174
f 4174 4176 4175 4173
f 4174 4128 4129 4176
f 4176 4178 4177 4175
f 4176 4129 4131 4178
f 4178 4180 4179 4177
f 4178 4131 4133 4180
f 4180 4182 4181 4179
f 4180 4133 4135 4182
f 4182 4184 4183 4181
f 4182 4135 4137 4184
f 4184 4186 4185 4183
f 4184 4137 4139 4186
f 4186 4188 4187 4185
f 4186 4139 4141 4188
f 4188 4190 4189 4187
f 4188 4141 4143 4190
f 4190 4192 4191 4189
f 4190 4143 4145 4192
f 4192 4194 4193 4191
f 4192 4145 4147 4194
f 4194 4152 4195 4193
f 4194 4147 4149 4152
f 4195 4197 4196 4193
f 4195 4199 4198 4197
f 4195 4152 4153 4199
f 4199 4201 4200 4198
f 4199 4153 4154 4201
f 4201 4203 4202 4200
f 4201 4154 4156 4203
f 4203 4205 4204 4202
f 4203 4156 4158 4205
f 4205 4207 4206 4204
f 4205 4158 4160 4207
f 4207 4209 4208 4206
f 4207 4160 4162 4209
f 4209 4211 4210 4208
f 4209 4162 4164 4211
f 4211 4213 4212 4210
f 4211 4164 4166 4213
f 4213 4171 4214 4212
f 4213 4166 4168 4171
f 4214 4216 4215 4212
f 4214 4218 4217 4216
f 4214 4171 4172 4218
f 4218 4220 4219 4217
f 4218 4172 4173 4220
f 4220 4222 4221 4219
f 4220 4173 4175 4222
f 4222 4224 4223 4221
f 4222 4175 4177 4224
f 4224 4226 4225 4223
f 4224 4177 4179 4226
f 4226 4228 4227 4225
f 4226 4179 4181 4228
f 4228 4230 4229 4227
f 4228 4181 4183 4230
f 4230 4232 4231 4229
f 4230 4183 4185 4232
f 4232 4234 4233 4231
f 4232 4185 4187 4234
f 4234 4236 4235 4233
f 4234 4187 4189 4236
f 4236 4238 4237 4235
f 4236 4189 4191 4238
f 4238 4196 4239 4237
f 4238 4191 4193 4196
f 4239 4241 4240 4237
f 4239 4243 4242 4241
f 4239 4196 4197 4243
f 4243 4245 4244 4242
f 4243 4197 4198 4245
f 4245 4247 4246 4244
f 4245 4198 4200 4247
f 4247 4249 4248 4246
f 4247 4200 4202 4249
f 4249 4251 4250 4248
f 4249 4202 4204 4251
f 4251 4253 4252 4250
f 4251 4204 4206 4253
f 4253 4255 4254 4252
f 4253 4206 4208 4255
f 4255 4257 4256 4254
f 4255 4208 4210 4257
f 4257 4215 4258 4256
f 4257 4210 4212 4215
f 4258 4260 4259 4256
f 4258 4262 4261 4260
f 4258 4215 4216 4262
f 4262 4264 4263 4261
f 4262 4216 4217 4264
f 4264 4266 4265 4263
f 4264 4217 4219 4266
f 4266 4268 4267 4265
f 4266 4219 4221 4268
f 4268 4270 4269 4267
f 4268 4221 4223 4270
f 4270 4272 4271 4269
f 4270 4223 4225 4272
f 4272 4274 4273 4271
f 4272 4225 4227 4274
f 4274 4276 4275 4273
f 4274 4227 4229 4276
f 4276 4278 4277 4275
f 4276 4229 4231 4278
f 4278 4280 4279 4277
f 4278 4231 4233 4280
f 4280 4282 4281 4279
f 4280 4233 4235 4282
f 4282 4240 4283 4281
f 4282 4235 4237 4240
f 4283 4285 4284 4281
f 4283 4287 4286 4285
f 4283 4240 4241 4287
f 4287 4289 4288 4286
f 4287 4241 4242 4289
f 4289 4291 4290 4288
f 4289 4242 4244 4291
f 4291 4293 4292 4290
f 4291 4244 4246 4293
f 4293 4295 4294 4292
f 4293 4246 4248 4295
f 4295 4297 4296 4294
f 4295 4248 4250 4297
f 4297 4299 4298 4296
f 4297 4250 4252 4299
f 4299 4301 4300 4298
f 4299 4252 4254 4301
f 4301 4259 4302 4300
f 4301 4254 4256 4259
f 4302 4304 4303 4300
f 4302 4306 4305 4304
f 4302 4259 4260 4306
f 4306 4308 4307 4305
f 4306 4260 4261 4308
f 4308 4310 4309 4307
f 4308 4261 4263 4310
f 4310 4312 4311 4309
f 4310 4263 4265 4312
f 4312 4314 4313 4311
f 4312 4265 4267 4314
f 4314 4316 4315 4313
f 4314 4267 4269 4316
f 4316 4318 4317 4315
f 4316 4269 4271 4318
f 4318 4320 4319 4317
f 4318 4271 4273 4320
f 4320 4322 4321 4319
f 4320 4273 4275 4322
f 4322 4324 4323 4321
f 4322 4275 4277 4324
f 4324 4326 4325 4323
f 4324 4277 4279 4326
f 4326 4284 4327 4325
f 4326 4279 4281 4284
f 4327 4329 4328 4325
f 4327 4331 4330 4329
f 4327 4284 4285 4331
f 4331 4333 4332 4330
f 4331 4285 4286 4333
f 4333 4335 4334 4332
f 4333 4286 4288 4335
f 4335 4337 4336 4334
f 4335 4288 4290 4337
f 4337 4339 4338 4336
f 4337 4290 4292 4339
f 4339 4341 4340 4338
f 4339 4292 4294 4341
f 4341 4343 4342 4340
f 4341 4294 4296 4343
f 4343 4345 4344 4342
f 4343 4296 4298 4345
f 4345 4303 4346 4344
f 4345 4298 4300 4303
f 4346 4348 4347 4344
f 4346 4350 4349 4348
f 4346 4303 4304 4350
f 4350 4352 4351 4349
f 4350 4304 4305 4352
f 4352 4354 4353 4351
f 4352 4305 4307 4354
f 4354 4356 4355 4353
f 4354 4307 4309 4356
f 4356 4358 4357 4355
f 4356 4309 4311 4358
f 4358 4360 4359 4357
f 4358 4311 4313 4360
f 4360 4362 4361 4359
f 4360 4313 4315 4362
f 4362 4364 4363 4361
f 4362 4315 4317 4364
f 4364 4366 4365 4363
f 4364 4317 4319 4366
f 4366 4368 4367 4365
f 4366 4319 4321 4368
f 4368 4370 4369 4367
f 4368 4321 4323 4370
f 4370 4328 4371 4369
f 4370 4323 4325 4328
f 4371 4373 4372 4369
f 4371 4375 4374 4373
f 4371 4328 4329 4375
f 4375 4377 4376 4374
f 4375 4329 4330 4377
f 4377 4379 4378 4376
f 4377 4330 4332 4379
f 4379 4381 4380 4378
f 4379 4332 4334 4381
f 4381 4383 4382 4380
f 4381 4334 4336 4383
f 4383 4385 4384 4382
f 4383 4336 4338 4385
f 4385 4387 4386 4384
f 4385 4338 4340 4387
f 4387 4389 4388 4386
f 4387 4340 4342 4389
f 4389 4347 4390 4388
f 4389 4342 4344 4347
f 4390 4392 4391 4388
f 4390 4394 4393 4392
f 4390 4347 4348 4394
f 4394 4396 4395 4393
f 4394 4348 4349 4396
f 4396 4398 4397 4395
f 4396 4349 4351 4398
f 4398 4400 4399 4397
f 4398 4351 4353 4400
f 4400 4402 4401 4399
f 4400 4353 4355 4402
f 4402 4404 4403 4401
f 4402 4355 4357 4404
f 4404 4406 4405 4403
f 4404 4357 4359 4406
f 4406 4408 4407 4405
f 4406 4359 4361 4408
f 4408 4410 4409 4407
f 4408 4361 4363 4410
f 4410 4412 4411 4409
f 4410 4363 4365 4412
f 4412 4414 4413 4411
f 4412 4365 4367 4414
f 4414 4372 4415 4413
f 4414 4367 4369 4372
f 4415 4417 4416 4413
f 4415 4419 4418 4417
f 4415 4372 4373 4419
f 4419 4421 4420 4418
f 4419 4373 4374 4421
f 4421 4423 4422 4420
f 4421 4374 4376 4423
f 4423 4425 4424 4422
f 4423 4376 4378 4425
f 4425 4427 4426 4424
f 4425 4378 4380 4427
f 4427 4429 4428 4426
f 4427 4380 4382 4429
f 4429 4431 4430 4428
f 4429 4382 4384 4431
f 4431 4433 4432 4430
f 4431 4384 4386 4433
f 4433 4391 4434 4432
f 4433 4386 4388 4391
f 4434 4436 4435 4432
f 4434 4438 4437 4436
f 4434 4391 4392 4438
f 4438 4440 4439 4437
f 4438 4392 4393 4440
f 4440 4442 4441 4439
f 4440 4393 4395 4442
f 4442 4444 4443 4441
f 4442 4395 4397 4444
f 4444 4446 4445 4443
f 4444 4397 4399 4446
f 4446 4448 4447 4445
f 4446 4399 4401 4448
f 4448 4450 4449 4447
f 4448 4401 4403 4450
f 4450 4452 4451 4449
f 4450 4403 4405 4452
f 4452 4454 4453 4451
f 4452 4405 4407 4454
f 4454 4456 4455 4453
f 4454 4407 4409 4456
f 4456 4458 4457 4455
f 4456 4409 4411 4458
f 4458 4416 4459 4457
f 4458 4411 4413 4416
f 4459 4461 4460 4457
f 4459 4463 4462 4461
f 4459 4416 4417 4463
f 4463 4465 4464 4462
f 4463 4417 4418 4465
f 4465 4467 4466 4464
f 4465 4418 4420 4467
f 4467 4469 4468 4466
f 4467 4420 4422 4469
f 4469 4471 4470 4468
f 4469 4422 4424 4471
f 4471 4473 4472 4470
f 4471 4424 4426 4473
f 4473 4475 4474 4472
f 4473 4426 4428 4475
f 4475 4477 4476 4474
f 4475 4428 4430 4477
f 4477 4435 4478 4476
f 4477 4430 4432 4435
f 4478 4480 4479 4476
f 4478 4482 4481 4480
f 4478 4435 4436 4482
f 4482 4484 4483 4481
f 4482 4436 4437 4484
f 4484 4486 4485 4483
f 4484 4437 4439 4486
f 4486 4488 4487 4485
f 4486 4439 4441 4488
f 4488 4490 4489 4487
f 4488 4441 4443 4490
f 4490 4492 4491 4489
f 4490 4443 4445 4492
f 4492 4494 4493 4491
f 4492 4445 4447 4494
f 4494 4496 4495 4493
f 4494 4447 4449 4496
f 4496 4498 4497 4495
f 4496 4449 4451 4498
f 4498 4500 4499 4497
f 4498 4451 4453 4500
f 4500 4502 4501 4499
f 4500 4453 4455 4502
f 4502 4460 4503 4501
f 4502 4455 4457 4460
f 4503 4505 4504 4501
f 4503 4507 4506 4505
f 4503 4460 4461 4507
f 4507 4509 4508 4506
f 4507 4461 4462 4509
f 4509 4511 4510 4508
f 4509 4462 4464 4511
f 4511 4513 4512 4510
f 4511 4464 4466 4513
f 4513 4515 4514 4512
f 4513 4466 4468 4515
f 4515 4517 4516 4514
f 4515 4468 4470 4517
f 4517 4519 4518 4516
f 4517 4470 4472 4519
f 4519 4521 4520 4518
f 4519 4472 4474 4521
f 4521 4479 4522 4520
f 4521 4474 4476 4479
f 4522 4524 4523 4520
f 4522 4526 4525 4524
f 4522 4479 4480 4526
f 4526 4528 4527 4525
f 4526 4480 4481 4528
f 4528 4530 4529 4527
f 4528 4481 4483 4530
f 4530 4532 4531 4529
f 4530 4483 4485 4532
f 4532 4534 4533 4531
f 4532 4485 4487 4534
f 4534 4536 4535 4533
f 4534 4487 4489 4536
f 4536 4538 4537 4535
f 4536 4489 4491 4538
f 4538 4540 4539 4537
f 4538 4491 4493 4540
f 4540 4542 4541 4539
f 4540 4493 4495 4542
f 4542 4544 4543 4541
f 4542 4495 4497 4544
f 4544 4546 4545 4543
f 4544 4497 4499 4546
f 4546 4504 4547 4545
f 4546 4499 4501 4504
f 4547 4549 4548 4545
f 4547 4551 4550 4549
f 4547 4504 4505 4551
f 4551 4553 4552 4550
f 4551 4505 4506 4553
f 4553 4555 4554 4552
f 4553 4506 4508 4555
f 4555 2619 2615 4554
f 4555 4508 4510 2619
f 4554 4557 4556 4552
f 4554 2615 2616 4557
f 4557 4559 4558 4556
f 4557 2616 4560 4559
f 4560 4561 2637 4559
f 4560 4563 4562 4561
f 4560 2616 2617 4563
f 4563 2617 2620 4564
f 4563 4564 4565 4562
f 4565 4564 4516 4518
f 4565 4523 4566 4562
f 4565 4518 4520 4523
f 4566 4567 4561 4562
f 4566 4569 4568 4567
f 4566 4523 4524 4569
f 4569 4571 4570 4568
f 4569 4524 4525 4571
f 4571 4573 4572 4570
f 4571 4525 4527 4573
f 4573 2661 2656 4572
f 4573 4527 4529 2661
f 4572 4575 4574 4570
f 4572 2656 2657 4575
f 4575 4577 4576 4574
f 4575 2657 4578 4577
f 4578 4580 4579 4577
f 4578 4582 4581 4580
f 4578 2657 2658 4582
f 4582 4584 4583 4581
f 4582 2658 2659 4584
f 4584 2659 4533 4535
f 4584 4535 4537 4583
f 4583 2641 2642 4581
f 4583 4537 4539 2641
f 4581 2642 2645 4580
f 4580 2645 4585 4579
f 4585 2645 2643 4586
f 4585 4588 4587 4579
f 4585 4586 4589 4588
f 4589 4586 4548 4549
f 4589 4591 4590 4588
f 4589 4549 4550 4591
f 4591 4556 4558 4590
f 4591 4550 4552 4556
f 4590 2639 4587 4588
f 4590 4558 2638 2639
f 4587 2639 2634 4576
f 4587 4576 4577 4579
f 4586 2643 2644 4548
f 4576 2634 2635 4574
f 4574 2635 4568 4570
f 4568 2635 2636 4567
f 4567 2636 2637 4561
f 4564 2620 4514 4516
f 4559 2637 2638 4558
f 4548 2644 4543 4545
f 4543 2644 2640 4541
f 4541 2640 2641 4539
f 4533 2659 2660 4531
f 4531 2660 2661 4529
f 4514 2620 2618 4512
f 4512 2618 2619 4510
f 3894 2647 3688 3690
f 3894 3889 2646 2647
f 3894 3690 3692 3893
f 3872 3847 3848 3851
f 3870 3851 3852 3855
f 3868 3855 3856 3858
f 3868 3858 3860 3864
f 3854 3485 3486 3488
f 3850 3482 3483 3485
f 3846 3479 3480 3482
f 3842 3476 3477 3479
f 3838 2597 2601 3476
f 3829 2606 2607 3827
f 3787 4594 4593 4592
f 3787 3781 3782 4594
f 3787 4592 4595 3786
f 4595 4592 4597 4596
f 4595 3439 3441 3786
f 4595 4596 3437 3439
f 4597 4600 4599 4598
f 4597 4592 4593 4600
f 4597 4598 3433 4596
f 4600 4602 4601 4599
f 4600 4593 4603 4602
f 4603 4605 4604 4602
f 4603 4607 4606 4605
f 4603 4593 4594 4607
f 4607 4609 4608 4606
f 4607 4594 3782 4609
f 4609 3777 4610 4608
f 4609 3782 3776 3777
f 4610 4612 4611 4608
f 4610 3772 4613 4612
f 4610 3777 3771 3772
f 4613 4615 4614 4612
f 4613 3767 4616 4615
f 4613 3772 3766 3767
f 4616 4618 4617 4615
f 4616 3762 4619 4618
f 4616 3767 3761 3762
f 4619 4621 4620 4618
f 4619 3757 4622 4621
f 4619 3762 3756 3757
f 4622 4624 4623 4621
f 4622 3752 4625 4624
f 4622 3757 3751 3752
f 4625 3383 3384 4624
f 4625 3747 3382 3383
f 4625 3752 3746 3747
f 4624 3384 3385 4623
f 4623 3385 3386 4626
f 4623 4626 4620 4621
f 4626 3386 3387 4627
f 4626 4627 4628 4620
f 4628 4627 4630 4629
f 4628 4617 4618 4620
f 4628 4629 4631 4617
f 4631 4629 4633 4632
f 4631 4614 4615 4617
f 4631 4632 4634 4614
f 4634 4632 4636 4635
f 4634 4611 4612 4614
f 4634 4635 4637 4611
f 4637 4635 4639 4638
f 4637 4606 4608 4611
f 4637 4638 4605 4606
f 4639 4642 4641 4640
f 4639 4635 4636 4642
f 4639 4640 4643 4638
f 4643 4640 4645 4644
f 4643 4604 4605 4638
f 4643 4644 4646 4604
f 4646 4644 4648 4647
f 4646 4601 4602 4604
f 4646 4647 4649 4601
f 4649 4647 4651 4650
f 4649 4652 4599 4601
f 4649 4650 4653 4652
f 4653 4650 4655 4654
f 4653 3428 3430 4652
f 4653 4654 3427 3428
f 4655 4658 4657 4656
f 4655 4650 4651 4658
f 4655 4656 4659 4654
f 4659 4656 4661 4660
f 4659 3426 3427 4654
f 4659 4660 4662 3426
f 4662 4660 4664 4663
f 4662 3423 3424 3426
f 4662 4663 4665 3423
f 4665 4663 4667 4666
f 4665 3420 3421 3423
f 4665 4666 4668 3420
f 4668 4666 4670 4669
f 4668 4671 3418 3420
f 4668 4669 4672 4671
f 4672 4669 4674 4673
f 4672 3414 3415 4671
f 4672 4673 3413 3414
f 4674 4675 2709 2707
f 4674 4669 4670 4675
f 4674 2707 2708 4673
f 4675 4677 4676 2709
f 4675 4670 4678 4677
f 4678 4680 4679 4677
f 4678 4667 4681 4680
f 4678 4670 4666 4667
f 4681 4683 4682 4680
f 4681 4664 4684 4683
f 4681 4667 4663 4664
f 4684 4686 4685 4683
f 4684 4661 4687 4686
f 4684 4664 4660 4661
f 4687 4689 4688 4686
f 4687 4657 4690 4689
f 4687 4661 4656 4657
f 4690 4692 4691 4689
f 4690 4694 4693 4692
f 4690 4657 4658 4694
f 4694 4696 4695 4693
f 4694 4658 4651 4696
f 4696 4648 4697 4695
f 4696 4651 4647 4648
f 4697 4699 4698 4695
f 4697 4645 4700 4699
f 4697 4648 4644 4645
f 4700 4702 4701 4699
f 4700 4641 4703 4702
f 4700 4645 4640 4641
f 4703 4705 4704 4702
f 4703 4707 4706 4705
f 4703 4641 4642 4707
f 4707 4709 4708 4706
f 4707 4642 4636 4709
f 4709 4633 4710 4708
f 4709 4636 4632 4633
f 4710 3389 3390 4708
f 4710 4630 3388 3389
f 4710 4633 4629 4630
f 4708 3390 3391 4706
f 4706 3391 3392 4705
f 4705 3392 3393 4704
f 4704 3393 3394 4711
f 4704 4711 4701 4702
f 4711 3394 3395 4712
f 4711 4712 4713 4701
f 4713 4712 4715 4714
f 4713 4698 4699 4701
f 4713 4714 4716 4698
f 4716 4714 4718 4717
f 4716 4693 4695 4698
f 4716 4717 4692 4693
f 4718 4721 4720 4719
f 4718 4714 4715 4721
f 4718 4719 4722 4717
f 4722 4719 4724 4723
f 4722 4691 4692 4717
f 4722 4723 4725 4691
f 4725 4723 4727 4726
f 4725 4688 4689 4691
f 4725 4726 4728 4688
f 4728 4726 4730 4729
f 4728 4685 4686 4688
f 4728 4729 4731 4685
f 4731 4729 4733 4732
f 4731 4682 4683 4685
f 4731 4732 4734 4682
f 4734 4732 4736 4735
f 4734 4679 4680 4682
f 4734 4735 4737 4679
f 4737 4735 4739 4738
f 4737 4676 4677 4679
f 4737 4738 4740 4676
f 4740 4738 4742 4741
f 4740 2706 2709 4676
f 4740 4741 2705 2706
f 4742 4743 3407 3408
f 4742 4738 4739 4743
f 4742 3408 3409 4741
f 4743 4744 3406 3407
f 4743 4739 4745 4744
f 4745 4747 4746 4744
f 4745 4736 4748 4747
f 4745 4739 4735 4736
f 4748 2686 2687 4747
f 4748 4733 2690 2686
f 4748 4736 4732 4733
f 4747 2687 4749 4746
f 4749 4750 3403 3404
f 4749 2687 2688 4750
f 4749 3404 3405 4746
f 4750 4751 3402 3403
f 4750 2688 2691 4751
f 4751 4752 3401 3402
f 4751 2691 4753 4752
f 4753 4755 4754 4752
f 4753 4756 4727 4755
f 4753 2691 2689 4756
f 4756 4730 4726 4727
f 4756 2689 2690 4730
f 4755 4724 4757 4754
f 4755 4727 4723 4724
f 4757 3399 3400 4754
f 4757 4720 3398 3399
f 4757 4724 4719 4720
f 4754 3400 3401 4752
f 4746 3405 3406 4744
f 4741 3409 3410 2705
f 4733 4729 4730 2690
f 4721 3397 3398 4720
f 4721 4715 3396 3397
f 4715 4712 3395 3396
f 4673 2708 3412 3413
f 4671 3415 3416 3418
f 4652 3430 4598 4599
f 4630 4627 3387 3388
f 4598 3430 3431 3433
f 4596 3433 3434 3437
f 3747 3744 3381 3382
f 3688 2647 2648 3686
f 3686 2648 2651 3684
f 3495 3488 3489 3491
f 3412 2708 2704 3411
f 3411 2704 2705 3410
f 3335 3255 3256 3333
f 3329 3264 3266 3328
f 3328 3288 3289 3293
f 3328 3266 3268 3288
f 3292 3287 2678 2676
f 3288 3268 3270 3285
f 3284 2582 2574 2674
f 3284 3279 3280 2582
f 3284 2674 2678 3283
f 3170 3156 3158 3168
f 3165 3158 3159 3161
f 3070 2719 3067 3068
f 3025 2701 2697 4758
f 3025 4758 3022 3023
f 4758 2557 2552 3022
f 4758 2697 2698 2557
f 3022 2552 2553 3020
f 3016 2559 2560 3015
f 2940 2933 2934 2936
f 2929 2584 2585 2928
f 2928 2585 2586 2919
f 2907 2593 2594 2905
f 2904 2666 2667 2903
f 2901 2594 2589 2900
f 2889 2883 2884 2622
f 2759 2754 2723 2724
f 2685 2553 2554 2684
f 2684 2554 2555 2571
f 2682 2562 2558 2681
f 2681 2558 2559 2680
g Group23488
f 4759 4765 4764 4763
f 4759 4767 4766 4765
f 4759 4763 4768 4767
f 4760 4771 4770 4769
f 4760 4769 4773 4772
f 4760 4772 4774 4771
f 4761 4777 4776 4775
f 4761 4779 4778 4777
f 4761 4775 4780 4779
f 4762 4783 4782 4781
f 4762 4785 4784 4783
f 4762 4781 4786 4785
f 4786 4789 4788 4787
f 4786 4781 4790 4789
f 4786 4787 4791 4785
f 4791 4787 4793 4792
f 4791 4794 4784 4785
f 4791 4792 4795 4794
f 4795 4797 4796 4794
f 4795 4773 4798 4797
f 4795 4792 4772 4773
f 4798 4800 4799 4797
f 4798 4802 4801 4800
f 4798 4773 4769 4802
f 4802 4804 4803 4801
f 4802 4769 4770 4804
f 4804 4806 4805 4803
f 4804 4770 4807 4806
f 4807 4809 4808 4806
f 4807 4811 4810 4809
f 4807 4770 4771 4811
f 4811 4813 4812 4810
f 4811 4771 4774 4813
f 4813 4815 4814 4812
f 4813 4774 4793 4815
f 4815 4788 4816 4814
f 4815 4793 4787 4788
f 4816 4818 4817 4814
f 4816 4820 4819 4818
f 4816 4788 4789 4820
f 4820 4822 4821 4819
f 4820 4789 4790 4822
f 4822 4824 4823 4821
f 4822 4790 4825 4824
f 4825 4827 4826 4824
f 4825 4782 4828 4827
f 4825 4790 4781 4782
f 4828 4778 4829 4827
f 4828 4830 4777 4778
f 4828 4782 4783 4830
f 4830 4831 4776 4777
f 4830 4783 4784 4831
f 4831 4796 4832 4776
f 4831 4784 4794 4796
f 4832 4833 4775 4776
f 4832 4799 4834 4833
f 4832 4796 4797 4799
f 4834 4836 4835 4833
f 4834 4838 4837 4836
f 4834 4799 4800 4838
f 4838 4768 4763 4837
f 4838 4800 4801 4768
f 4837 4840 4839 4836
f 4837 4763 4764 4840
f 4840 4842 4841 4839
f 4840 4764 4843 4842
f 4843 4845 4844 4842
f 4843 4847 4846 4845
f 4843 4764 4765 4847
f 4847 4849 4848 4846
f 4847 4765 4766 4849
f 4849 4851 4850 4848
f 4849 4766 4805 4851
f 4851 4808 4852 4850
f 4851 4805 4806 4808
f 4852 4854 4853 4850
f 4852 4856 4855 4854
f 4852 4808 4809 4856
f 4856 4858 4857 4855
f 4856 4809 4810 4858
f 4858 4860 4859 4857
f 4858 4810 4812 4860
f 4860 4817 4861 4859
f 4860 4812 4814 4817
f 4861 4863 4862 4859
f 4861 4865 4864 4863
f 4861 4817 4818 4865
f 4865 4867 4866 4864
f 4865 4818 4819 4867
f 4867 4869 4868 4866
f 4867 4819 4821 4869
f 4869 4871 4870 4868
f 4869 4821 4823 4871
f 4871 4873 4872 4870
f 4871 4823 4874 4873
f 4874 4876 4875 4873
f 4874 4826 4877 4876
f 4874 4823 4824 4826
f 4877 4879 4878 4876
f 4877 4829 4880 4879
f 4877 4826 4827 4829
f 4880 4882 4881 4879
f 4880 4779 4780 4882
f 4880 4829 4778 4779
f 4882 4884 4883 4881
f 4882 4780 4835 4884
f 4884 4839 4841 4883
f 4884 4835 4836 4839
f 4883 4886 4885 4881
f 4883 4841 4887 4886
f 4887 4889 4888 4886
f 4887 4844 4890 4889
f 4887 4841 4842 4844
f 4890 4892 4891 4889
f 4890 4894 4893 4892
f 4890 4844 4845 4894
f 4894 4896 4895 4893
f 4894 4845 4846 4896
f 4896 4898 4897 4895
f 4896 4846 4848 4898
f 4898 4853 4899 4897
f 4898 4848 4850 4853
f 4899 4901 4900 4897
f 4899 4903 4902 4901
f 4899 4853 4854 4903
f 4903 4905 4904 4902
f 4903 4854 4855 4905
f 4905 4907 4906 4904
f 4905 4855 4857 4907
f 4907 4862 4908 4906
f 4907 4857 4859 4862
f 4908 2487 2486 4906
f 4908 4909 2488 2487
f 4908 4862 4863 4909
f 4909 4910 2490 2488
f 4909 4863 4864 4910
f 4910 4911 2492 2490
f 4910 4864 4866 4911
f 4911 4912 2494 2492
f 4911 4866 4868 4912
f 4912 4913 2496 2494
f 4912 4868 4870 4913
f 4913 4914 2498 2496
f 4913 4870 4872 4914
f 4914 4915 2500 2498
f 4914 4872 4916 4915
f 4916 4918 4917 4915
f 4916 4875 4919 4918
f 4916 4872 4873 4875
f 4919 4921 4920 4918
f 4919 4878 4885 4921
f 4919 4875 4876 4878
f 4921 4888 4922 4920
f 4921 4885 4886 4888
f 4922 4924 4923 4920
f 4922 4891 4925 4924
f 4922 4888 4889 4891
f 4925 2513 2512 4924
f 4925 4926 2514 2513
f 4925 4891 4892 4926
f 4926 4927 2516 2514
f 4926 4892 4893 4927
f 4927 4928 2518 2516
f 4927 4893 4895 4928
f 4928 4900 2520 2518
f 4928 4895 4897 4900
f 2520 4900 4901 2521
f 2521 4901 4902 2522
f 2522 4902 4904 2523
f 2523 4904 4906 2486
f 2512 2524 4923 4924
f 2524 2525 4917 4923
f 2525 2500 4915 4917
f 4923 4917 4918 4920
f 4885 4878 4879 4881
f 4835 4780 4775 4833
f 4805 4766 4767 4803
f 4803 4767 4768 4801
f 4793 4774 4772 4792

 